CODIGO_DISTRITAL,NOMBRE,COD,PADRE,,,,,,INSERT PROVINCIA
1,San José,P,0,"INSERT INTO `BASE_DATOS`.`PROVINCIA_CR` (codigo_provincia, nombre_provincia) VALUES(1,'San José');",,,,,"INSERT INTO `BASE_DATOS`.`PROVINCIA_CR` (codigo_provincia, nombre_provincia) VALUES"
101,San José,C,1,"INSERT INTO `BASE_DATOS`.`CANTON_CR` (codigo_provincia, codigo_canton, nombre_canton) VALUES(1,101,'San José');",,,,,
10101,Carmen,D,101,"INSERT INTO `BASE_DATOS`.`DISTRITO_CR` (codigo_canton,codigo_distrito, nombre_distrito) VALUES(101,10101,'Carmen');",,,,,INSERT CANTON
10102,Merced,D,101,"INSERT INTO `BASE_DATOS`.`DISTRITO_CR` (codigo_canton,codigo_distrito, nombre_distrito) VALUES(101,10102,'Merced');",,,,,"INSERT INTO `BASE_DATOS`.`CANTON_CR` (codigo_provincia, codigo_canton, nombre_canton) VALUES"
10103,Hospital,D,101,"INSERT INTO `BASE_DATOS`.`DISTRITO_CR` (codigo_canton,codigo_distrito, nombre_distrito) VALUES(101,10103,'Hospital');",,,,,
10104,Catedral,D,101,"INSERT INTO `BASE_DATOS`.`DISTRITO_CR` (codigo_canton,codigo_distrito, nombre_distrito) VALUES(101,10104,'Catedral');",,,,,INSERT DISTRITO
10105,Zapote,D,101,"INSERT INTO `BASE_DATOS`.`DISTRITO_CR` (codigo_canton,codigo_distrito, nombre_distrito) VALUES(101,10105,'Zapote');",,,,,"INSERT INTO `BASE_DATOS`.`DISTRITO_CR` (codigo_canton,codigo_distrito, nombre_distrito) VALUES"
10106,San Francisco de Dos Ríos,D,101,"INSERT INTO `BASE_DATOS`.`DISTRITO_CR` (codigo_canton,codigo_distrito, nombre_distrito) VALUES(101,10106,'San Francisco de Dos Ríos');",,,,,
10107,Uruca,D,101,"INSERT INTO `BASE_DATOS`.`DISTRITO_CR` (codigo_canton,codigo_distrito, nombre_distrito) VALUES(101,10107,'Uruca');",,,,,
10108,Mata Redonda,D,101,"INSERT INTO `BASE_DATOS`.`DISTRITO_CR` (codigo_canton,codigo_distrito, nombre_distrito) VALUES(101,10108,'Mata Redonda');",,,,,
10109,Pavas,D,101,"INSERT INTO `BASE_DATOS`.`DISTRITO_CR` (codigo_canton,codigo_distrito, nombre_distrito) VALUES(101,10109,'Pavas');",,,,,
10110,Hatillo,D,101,"INSERT INTO `BASE_DATOS`.`DISTRITO_CR` (codigo_canton,codigo_distrito, nombre_distrito) VALUES(101,10110,'Hatillo');",,,,,
10111,San Sebastián,D,101,"INSERT INTO `BASE_DATOS`.`DISTRITO_CR` (codigo_canton,codigo_distrito, nombre_distrito) VALUES(101,10111,'San Sebastián');",,,,,
102,Escazú,C,1,"INSERT INTO `BASE_DATOS`.`CANTON_CR` (codigo_provincia, codigo_canton, nombre_canton) VALUES(1,102,'Escazú');",,,,,
10201,Escazú,D,102,"INSERT INTO `BASE_DATOS`.`DISTRITO_CR` (codigo_canton,codigo_distrito, nombre_distrito) VALUES(102,10201,'Escazú');",,,,,
10202,San Antonio,D,102,"INSERT INTO `BASE_DATOS`.`DISTRITO_CR` (codigo_canton,codigo_distrito, nombre_distrito) VALUES(102,10202,'San Antonio');",,,,,
10203,San Rafael,D,102,"INSERT INTO `BASE_DATOS`.`DISTRITO_CR` (codigo_canton,codigo_distrito, nombre_distrito) VALUES(102,10203,'San Rafael');",,,,,
103,Desamparados,C,1,"INSERT INTO `BASE_DATOS`.`CANTON_CR` (codigo_provincia, codigo_canton, nombre_canton) VALUES(1,103,'Desamparados');",,,,,
10301,Desamparados,D,103,"INSERT INTO `BASE_DATOS`.`DISTRITO_CR` (codigo_canton,codigo_distrito, nombre_distrito) VALUES(103,10301,'Desamparados');",,,,,
10302,San Miguel,D,103,"INSERT INTO `BASE_DATOS`.`DISTRITO_CR` (codigo_canton,codigo_distrito, nombre_distrito) VALUES(103,10302,'San Miguel');",,,,,
10303,San Juan de Dios,D,103,"INSERT INTO `BASE_DATOS`.`DISTRITO_CR` (codigo_canton,codigo_distrito, nombre_distrito) VALUES(103,10303,'San Juan de Dios');",,,,,
10304,San Rafael Arriba,D,103,"INSERT INTO `BASE_DATOS`.`DISTRITO_CR` (codigo_canton,codigo_distrito, nombre_distrito) VALUES(103,10304,'San Rafael Arriba');",,,,,
10305,San Antonio,D,103,"INSERT INTO `BASE_DATOS`.`DISTRITO_CR` (codigo_canton,codigo_distrito, nombre_distrito) VALUES(103,10305,'San Antonio');",,,,,
10306,Frailes,D,103,"INSERT INTO `BASE_DATOS`.`DISTRITO_CR` (codigo_canton,codigo_distrito, nombre_distrito) VALUES(103,10306,'Frailes');",,,,,
10307,Patarrá,D,103,"INSERT INTO `BASE_DATOS`.`DISTRITO_CR` (codigo_canton,codigo_distrito, nombre_distrito) VALUES(103,10307,'Patarrá');",,,,,
10308,San Cristóbal,D,103,"INSERT INTO `BASE_DATOS`.`DISTRITO_CR` (codigo_canton,codigo_distrito, nombre_distrito) VALUES(103,10308,'San Cristóbal');",,,,,
10309,Rosario,D,103,"INSERT INTO `BASE_DATOS`.`DISTRITO_CR` (codigo_canton,codigo_distrito, nombre_distrito) VALUES(103,10309,'Rosario');",,,,,
10310,Damas,D,103,"INSERT INTO `BASE_DATOS`.`DISTRITO_CR` (codigo_canton,codigo_distrito, nombre_distrito) VALUES(103,10310,'Damas');",,,,,
10311,San Rafael Abajo,D,103,"INSERT INTO `BASE_DATOS`.`DISTRITO_CR` (codigo_canton,codigo_distrito, nombre_distrito) VALUES(103,10311,'San Rafael Abajo');",,,,,
10312,Gravilias,D,103,"INSERT INTO `BASE_DATOS`.`DISTRITO_CR` (codigo_canton,codigo_distrito, nombre_distrito) VALUES(103,10312,'Gravilias');",,,,,
10313,Los Guido,D,103,"INSERT INTO `BASE_DATOS`.`DISTRITO_CR` (codigo_canton,codigo_distrito, nombre_distrito) VALUES(103,10313,'Los Guido');",,,,,
104,Puriscal,C,1,"INSERT INTO `BASE_DATOS`.`CANTON_CR` (codigo_provincia, codigo_canton, nombre_canton) VALUES(1,104,'Puriscal');",,,,,
10401,Santiago,D,104,"INSERT INTO `BASE_DATOS`.`DISTRITO_CR` (codigo_canton,codigo_distrito, nombre_distrito) VALUES(104,10401,'Santiago');",,,,,
10402,Mercedes Sur,D,104,"INSERT INTO `BASE_DATOS`.`DISTRITO_CR` (codigo_canton,codigo_distrito, nombre_distrito) VALUES(104,10402,'Mercedes Sur');",,,,,
10403,Barbacoas,D,104,"INSERT INTO `BASE_DATOS`.`DISTRITO_CR` (codigo_canton,codigo_distrito, nombre_distrito) VALUES(104,10403,'Barbacoas');",,,,,
10404,Grifo Alto,D,104,"INSERT INTO `BASE_DATOS`.`DISTRITO_CR` (codigo_canton,codigo_distrito, nombre_distrito) VALUES(104,10404,'Grifo Alto');",,,,,
10405,San Rafael,D,104,"INSERT INTO `BASE_DATOS`.`DISTRITO_CR` (codigo_canton,codigo_distrito, nombre_distrito) VALUES(104,10405,'San Rafael');",,,,,
10406,Candelaria,D,104,"INSERT INTO `BASE_DATOS`.`DISTRITO_CR` (codigo_canton,codigo_distrito, nombre_distrito) VALUES(104,10406,'Candelaria');",,,,,
10407,Desamparaditos,D,104,"INSERT INTO `BASE_DATOS`.`DISTRITO_CR` (codigo_canton,codigo_distrito, nombre_distrito) VALUES(104,10407,'Desamparaditos');",,,,,
10408,San Antonio,D,104,"INSERT INTO `BASE_DATOS`.`DISTRITO_CR` (codigo_canton,codigo_distrito, nombre_distrito) VALUES(104,10408,'San Antonio');",,,,,
10409,Chires,D,104,"INSERT INTO `BASE_DATOS`.`DISTRITO_CR` (codigo_canton,codigo_distrito, nombre_distrito) VALUES(104,10409,'Chires');",,,,,
105,Tarrazú,C,1,"INSERT INTO `BASE_DATOS`.`CANTON_CR` (codigo_provincia, codigo_canton, nombre_canton) VALUES(1,105,'Tarrazú');",,,,,
10501,San Marcos,D,105,"INSERT INTO `BASE_DATOS`.`DISTRITO_CR` (codigo_canton,codigo_distrito, nombre_distrito) VALUES(105,10501,'San Marcos');",,,,,
10502,San Lorenzo,D,105,"INSERT INTO `BASE_DATOS`.`DISTRITO_CR` (codigo_canton,codigo_distrito, nombre_distrito) VALUES(105,10502,'San Lorenzo');",,,,,
10503,San Carlos,D,105,"INSERT INTO `BASE_DATOS`.`DISTRITO_CR` (codigo_canton,codigo_distrito, nombre_distrito) VALUES(105,10503,'San Carlos');",,,,,
106,Aserrí,C,1,"INSERT INTO `BASE_DATOS`.`CANTON_CR` (codigo_provincia, codigo_canton, nombre_canton) VALUES(1,106,'Aserrí');",,,,,
10601,Aserrí,D,106,"INSERT INTO `BASE_DATOS`.`DISTRITO_CR` (codigo_canton,codigo_distrito, nombre_distrito) VALUES(106,10601,'Aserrí');",,,,,
10602,Tarbaca o Praga,D,106,"INSERT INTO `BASE_DATOS`.`DISTRITO_CR` (codigo_canton,codigo_distrito, nombre_distrito) VALUES(106,10602,'Tarbaca o Praga');",,,,,
10603,Vuelta de Jorco,D,106,"INSERT INTO `BASE_DATOS`.`DISTRITO_CR` (codigo_canton,codigo_distrito, nombre_distrito) VALUES(106,10603,'Vuelta de Jorco');",,,,,
10604,San Gabriel,D,106,"INSERT INTO `BASE_DATOS`.`DISTRITO_CR` (codigo_canton,codigo_distrito, nombre_distrito) VALUES(106,10604,'San Gabriel');",,,,,
10605,La Legua,D,106,"INSERT INTO `BASE_DATOS`.`DISTRITO_CR` (codigo_canton,codigo_distrito, nombre_distrito) VALUES(106,10605,'La Legua');",,,,,
10606,Monterrey,D,106,"INSERT INTO `BASE_DATOS`.`DISTRITO_CR` (codigo_canton,codigo_distrito, nombre_distrito) VALUES(106,10606,'Monterrey');",,,,,
10607,Salitrillos,D,106,"INSERT INTO `BASE_DATOS`.`DISTRITO_CR` (codigo_canton,codigo_distrito, nombre_distrito) VALUES(106,10607,'Salitrillos');",,,,,
107,Mora,C,1,"INSERT INTO `BASE_DATOS`.`CANTON_CR` (codigo_provincia, codigo_canton, nombre_canton) VALUES(1,107,'Mora');",,,,,
10701,Colón,D,107,"INSERT INTO `BASE_DATOS`.`DISTRITO_CR` (codigo_canton,codigo_distrito, nombre_distrito) VALUES(107,10701,'Colón');",,,,,
10702,Guayabo,D,107,"INSERT INTO `BASE_DATOS`.`DISTRITO_CR` (codigo_canton,codigo_distrito, nombre_distrito) VALUES(107,10702,'Guayabo');",,,,,
10703,Tabarcia,D,107,"INSERT INTO `BASE_DATOS`.`DISTRITO_CR` (codigo_canton,codigo_distrito, nombre_distrito) VALUES(107,10703,'Tabarcia');",,,,,
10704,Piedras Negras,D,107,"INSERT INTO `BASE_DATOS`.`DISTRITO_CR` (codigo_canton,codigo_distrito, nombre_distrito) VALUES(107,10704,'Piedras Negras');",,,,,
10705,Picagres,D,107,"INSERT INTO `BASE_DATOS`.`DISTRITO_CR` (codigo_canton,codigo_distrito, nombre_distrito) VALUES(107,10705,'Picagres');",,,,,
108,Goicoechea,C,1,"INSERT INTO `BASE_DATOS`.`CANTON_CR` (codigo_provincia, codigo_canton, nombre_canton) VALUES(1,108,'Goicoechea');",,,,,
10801,Guadalupe,D,108,"INSERT INTO `BASE_DATOS`.`DISTRITO_CR` (codigo_canton,codigo_distrito, nombre_distrito) VALUES(108,10801,'Guadalupe');",,,,,
10802,San Francisco,D,108,"INSERT INTO `BASE_DATOS`.`DISTRITO_CR` (codigo_canton,codigo_distrito, nombre_distrito) VALUES(108,10802,'San Francisco');",,,,,
10803,Calle Blancos,D,108,"INSERT INTO `BASE_DATOS`.`DISTRITO_CR` (codigo_canton,codigo_distrito, nombre_distrito) VALUES(108,10803,'Calle Blancos');",,,,,
10804,Mata de Plátano,D,108,"INSERT INTO `BASE_DATOS`.`DISTRITO_CR` (codigo_canton,codigo_distrito, nombre_distrito) VALUES(108,10804,'Mata de Plátano');",,,,,
10805,Ipís,D,108,"INSERT INTO `BASE_DATOS`.`DISTRITO_CR` (codigo_canton,codigo_distrito, nombre_distrito) VALUES(108,10805,'Ipís');",,,,,
10806,Rancho Redondo,D,108,"INSERT INTO `BASE_DATOS`.`DISTRITO_CR` (codigo_canton,codigo_distrito, nombre_distrito) VALUES(108,10806,'Rancho Redondo');",,,,,
10807,Purral,D,108,"INSERT INTO `BASE_DATOS`.`DISTRITO_CR` (codigo_canton,codigo_distrito, nombre_distrito) VALUES(108,10807,'Purral');",,,,,
109,Santa Ana,C,1,"INSERT INTO `BASE_DATOS`.`CANTON_CR` (codigo_provincia, codigo_canton, nombre_canton) VALUES(1,109,'Santa Ana');",,,,,
10901,Santa Ana,D,109,"INSERT INTO `BASE_DATOS`.`DISTRITO_CR` (codigo_canton,codigo_distrito, nombre_distrito) VALUES(109,10901,'Santa Ana');",,,,,
10902,Salitral,D,109,"INSERT INTO `BASE_DATOS`.`DISTRITO_CR` (codigo_canton,codigo_distrito, nombre_distrito) VALUES(109,10902,'Salitral');",,,,,
10903,Pozos o Concepción,D,109,"INSERT INTO `BASE_DATOS`.`DISTRITO_CR` (codigo_canton,codigo_distrito, nombre_distrito) VALUES(109,10903,'Pozos o Concepción');",,,,,
10904,Uruca o San Joaquín,D,109,"INSERT INTO `BASE_DATOS`.`DISTRITO_CR` (codigo_canton,codigo_distrito, nombre_distrito) VALUES(109,10904,'Uruca o San Joaquín');",,,,,
10905,Piedades,D,109,"INSERT INTO `BASE_DATOS`.`DISTRITO_CR` (codigo_canton,codigo_distrito, nombre_distrito) VALUES(109,10905,'Piedades');",,,,,
10906,Brasil,D,109,"INSERT INTO `BASE_DATOS`.`DISTRITO_CR` (codigo_canton,codigo_distrito, nombre_distrito) VALUES(109,10906,'Brasil');",,,,,
110,Alajuelita,C,1,"INSERT INTO `BASE_DATOS`.`CANTON_CR` (codigo_provincia, codigo_canton, nombre_canton) VALUES(1,110,'Alajuelita');",,,,,
11001,Alajuelita,D,110,"INSERT INTO `BASE_DATOS`.`DISTRITO_CR` (codigo_canton,codigo_distrito, nombre_distrito) VALUES(110,11001,'Alajuelita');",,,,,
11002,San Josecito,D,110,"INSERT INTO `BASE_DATOS`.`DISTRITO_CR` (codigo_canton,codigo_distrito, nombre_distrito) VALUES(110,11002,'San Josecito');",,,,,
11003,San Antonio,D,110,"INSERT INTO `BASE_DATOS`.`DISTRITO_CR` (codigo_canton,codigo_distrito, nombre_distrito) VALUES(110,11003,'San Antonio');",,,,,
11004,Concepción,D,110,"INSERT INTO `BASE_DATOS`.`DISTRITO_CR` (codigo_canton,codigo_distrito, nombre_distrito) VALUES(110,11004,'Concepción');",,,,,
11005,San Felipe,D,110,"INSERT INTO `BASE_DATOS`.`DISTRITO_CR` (codigo_canton,codigo_distrito, nombre_distrito) VALUES(110,11005,'San Felipe');",,,,,
111,Vasquez de Coronado,C,1,"INSERT INTO `BASE_DATOS`.`CANTON_CR` (codigo_provincia, codigo_canton, nombre_canton) VALUES(1,111,'Vasquez de Coronado');",,,,,
11101,San Isidro,D,111,"INSERT INTO `BASE_DATOS`.`DISTRITO_CR` (codigo_canton,codigo_distrito, nombre_distrito) VALUES(111,11101,'San Isidro');",,,,,
11102,San Rafael,D,111,"INSERT INTO `BASE_DATOS`.`DISTRITO_CR` (codigo_canton,codigo_distrito, nombre_distrito) VALUES(111,11102,'San Rafael');",,,,,
11103,Dulce Nombre de Jesús,D,111,"INSERT INTO `BASE_DATOS`.`DISTRITO_CR` (codigo_canton,codigo_distrito, nombre_distrito) VALUES(111,11103,'Dulce Nombre de Jesús');",,,,,
11104,Patalillo,D,111,"INSERT INTO `BASE_DATOS`.`DISTRITO_CR` (codigo_canton,codigo_distrito, nombre_distrito) VALUES(111,11104,'Patalillo');",,,,,
11105,Cascajal,D,111,"INSERT INTO `BASE_DATOS`.`DISTRITO_CR` (codigo_canton,codigo_distrito, nombre_distrito) VALUES(111,11105,'Cascajal');",,,,,
112,Acosta,C,1,"INSERT INTO `BASE_DATOS`.`CANTON_CR` (codigo_provincia, codigo_canton, nombre_canton) VALUES(1,112,'Acosta');",,,,,
11201,San Ignacio,D,112,"INSERT INTO `BASE_DATOS`.`DISTRITO_CR` (codigo_canton,codigo_distrito, nombre_distrito) VALUES(112,11201,'San Ignacio');",,,,,
11202,Guaitil,D,112,"INSERT INTO `BASE_DATOS`.`DISTRITO_CR` (codigo_canton,codigo_distrito, nombre_distrito) VALUES(112,11202,'Guaitil');",,,,,
11203,Palmichal,D,112,"INSERT INTO `BASE_DATOS`.`DISTRITO_CR` (codigo_canton,codigo_distrito, nombre_distrito) VALUES(112,11203,'Palmichal');",,,,,
11204,Cangrejal,D,112,"INSERT INTO `BASE_DATOS`.`DISTRITO_CR` (codigo_canton,codigo_distrito, nombre_distrito) VALUES(112,11204,'Cangrejal');",,,,,
11205,Sabanillas,D,112,"INSERT INTO `BASE_DATOS`.`DISTRITO_CR` (codigo_canton,codigo_distrito, nombre_distrito) VALUES(112,11205,'Sabanillas');",,,,,
113,Tibás,C,1,"INSERT INTO `BASE_DATOS`.`CANTON_CR` (codigo_provincia, codigo_canton, nombre_canton) VALUES(1,113,'Tibás');",,,,,
11301,San Juan,D,113,"INSERT INTO `BASE_DATOS`.`DISTRITO_CR` (codigo_canton,codigo_distrito, nombre_distrito) VALUES(113,11301,'San Juan');",,,,,
11302,Cinco Esquinas,D,113,"INSERT INTO `BASE_DATOS`.`DISTRITO_CR` (codigo_canton,codigo_distrito, nombre_distrito) VALUES(113,11302,'Cinco Esquinas');",,,,,
11303,Anselmo Llorente,D,113,"INSERT INTO `BASE_DATOS`.`DISTRITO_CR` (codigo_canton,codigo_distrito, nombre_distrito) VALUES(113,11303,'Anselmo Llorente');",,,,,
11304,León XIII,D,113,"INSERT INTO `BASE_DATOS`.`DISTRITO_CR` (codigo_canton,codigo_distrito, nombre_distrito) VALUES(113,11304,'León XIII');",,,,,
11305,Colima,D,113,"INSERT INTO `BASE_DATOS`.`DISTRITO_CR` (codigo_canton,codigo_distrito, nombre_distrito) VALUES(113,11305,'Colima');",,,,,
114,Moravia,C,1,"INSERT INTO `BASE_DATOS`.`CANTON_CR` (codigo_provincia, codigo_canton, nombre_canton) VALUES(1,114,'Moravia');",,,,,
11401,San Vicente,D,114,"INSERT INTO `BASE_DATOS`.`DISTRITO_CR` (codigo_canton,codigo_distrito, nombre_distrito) VALUES(114,11401,'San Vicente');",,,,,
11402,San Jerónimo,D,114,"INSERT INTO `BASE_DATOS`.`DISTRITO_CR` (codigo_canton,codigo_distrito, nombre_distrito) VALUES(114,11402,'San Jerónimo');",,,,,
11403,Trinidad,D,114,"INSERT INTO `BASE_DATOS`.`DISTRITO_CR` (codigo_canton,codigo_distrito, nombre_distrito) VALUES(114,11403,'Trinidad');",,,,,
115,Montes de Oca,C,1,"INSERT INTO `BASE_DATOS`.`CANTON_CR` (codigo_provincia, codigo_canton, nombre_canton) VALUES(1,115,'Montes de Oca');",,,,,
11501,San Pedro,D,115,"INSERT INTO `BASE_DATOS`.`DISTRITO_CR` (codigo_canton,codigo_distrito, nombre_distrito) VALUES(115,11501,'San Pedro');",,,,,
11502,Sabanilla,D,115,"INSERT INTO `BASE_DATOS`.`DISTRITO_CR` (codigo_canton,codigo_distrito, nombre_distrito) VALUES(115,11502,'Sabanilla');",,,,,
11503,Mercedes o Betania,D,115,"INSERT INTO `BASE_DATOS`.`DISTRITO_CR` (codigo_canton,codigo_distrito, nombre_distrito) VALUES(115,11503,'Mercedes o Betania');",,,,,
11504,San Rafael,D,115,"INSERT INTO `BASE_DATOS`.`DISTRITO_CR` (codigo_canton,codigo_distrito, nombre_distrito) VALUES(115,11504,'San Rafael');",,,,,
116,Turrubares,C,1,"INSERT INTO `BASE_DATOS`.`CANTON_CR` (codigo_provincia, codigo_canton, nombre_canton) VALUES(1,116,'Turrubares');",,,,,
11601,San Pablo,D,116,"INSERT INTO `BASE_DATOS`.`DISTRITO_CR` (codigo_canton,codigo_distrito, nombre_distrito) VALUES(116,11601,'San Pablo');",,,,,
11602,San Pedro,D,116,"INSERT INTO `BASE_DATOS`.`DISTRITO_CR` (codigo_canton,codigo_distrito, nombre_distrito) VALUES(116,11602,'San Pedro');",,,,,
11603,San Juan de Mata,D,116,"INSERT INTO `BASE_DATOS`.`DISTRITO_CR` (codigo_canton,codigo_distrito, nombre_distrito) VALUES(116,11603,'San Juan de Mata');",,,,,
11604,San Luis,D,116,"INSERT INTO `BASE_DATOS`.`DISTRITO_CR` (codigo_canton,codigo_distrito, nombre_distrito) VALUES(116,11604,'San Luis');",,,,,
11605,Cárara,D,116,"INSERT INTO `BASE_DATOS`.`DISTRITO_CR` (codigo_canton,codigo_distrito, nombre_distrito) VALUES(116,11605,'Cárara');",,,,,
117,Dota,C,1,"INSERT INTO `BASE_DATOS`.`CANTON_CR` (codigo_provincia, codigo_canton, nombre_canton) VALUES(1,117,'Dota');",,,,,
11701,Santa María,D,117,"INSERT INTO `BASE_DATOS`.`DISTRITO_CR` (codigo_canton,codigo_distrito, nombre_distrito) VALUES(117,11701,'Santa María');",,,,,
11702,Jardín,D,117,"INSERT INTO `BASE_DATOS`.`DISTRITO_CR` (codigo_canton,codigo_distrito, nombre_distrito) VALUES(117,11702,'Jardín');",,,,,
11703,Copey,D,117,"INSERT INTO `BASE_DATOS`.`DISTRITO_CR` (codigo_canton,codigo_distrito, nombre_distrito) VALUES(117,11703,'Copey');",,,,,
118,Curridabat,C,1,"INSERT INTO `BASE_DATOS`.`CANTON_CR` (codigo_provincia, codigo_canton, nombre_canton) VALUES(1,118,'Curridabat');",,,,,
11801,Curridabat,D,118,"INSERT INTO `BASE_DATOS`.`DISTRITO_CR` (codigo_canton,codigo_distrito, nombre_distrito) VALUES(118,11801,'Curridabat');",,,,,
11802,Granadilla,D,118,"INSERT INTO `BASE_DATOS`.`DISTRITO_CR` (codigo_canton,codigo_distrito, nombre_distrito) VALUES(118,11802,'Granadilla');",,,,,
11803,Sánchez,D,118,"INSERT INTO `BASE_DATOS`.`DISTRITO_CR` (codigo_canton,codigo_distrito, nombre_distrito) VALUES(118,11803,'Sánchez');",,,,,
11804,Tirrases,D,118,"INSERT INTO `BASE_DATOS`.`DISTRITO_CR` (codigo_canton,codigo_distrito, nombre_distrito) VALUES(118,11804,'Tirrases');",,,,,
119,Pérez Zeledón,C,1,"INSERT INTO `BASE_DATOS`.`CANTON_CR` (codigo_provincia, codigo_canton, nombre_canton) VALUES(1,119,'Pérez Zeledón');",,,,,
11901,San Isidro de el General,D,119,"INSERT INTO `BASE_DATOS`.`DISTRITO_CR` (codigo_canton,codigo_distrito, nombre_distrito) VALUES(119,11901,'San Isidro de el General');",,,,,
11902,General,D,119,"INSERT INTO `BASE_DATOS`.`DISTRITO_CR` (codigo_canton,codigo_distrito, nombre_distrito) VALUES(119,11902,'General');",,,,,
11903,Daniel Flores,D,119,"INSERT INTO `BASE_DATOS`.`DISTRITO_CR` (codigo_canton,codigo_distrito, nombre_distrito) VALUES(119,11903,'Daniel Flores');",,,,,
11904,Rivas,D,119,"INSERT INTO `BASE_DATOS`.`DISTRITO_CR` (codigo_canton,codigo_distrito, nombre_distrito) VALUES(119,11904,'Rivas');",,,,,
11905,San Pedro,D,119,"INSERT INTO `BASE_DATOS`.`DISTRITO_CR` (codigo_canton,codigo_distrito, nombre_distrito) VALUES(119,11905,'San Pedro');",,,,,
11906,Platanares,D,119,"INSERT INTO `BASE_DATOS`.`DISTRITO_CR` (codigo_canton,codigo_distrito, nombre_distrito) VALUES(119,11906,'Platanares');",,,,,
11907,Pejibaye,D,119,"INSERT INTO `BASE_DATOS`.`DISTRITO_CR` (codigo_canton,codigo_distrito, nombre_distrito) VALUES(119,11907,'Pejibaye');",,,,,
11908,Cajón,D,119,"INSERT INTO `BASE_DATOS`.`DISTRITO_CR` (codigo_canton,codigo_distrito, nombre_distrito) VALUES(119,11908,'Cajón');",,,,,
11909,Barú,D,119,"INSERT INTO `BASE_DATOS`.`DISTRITO_CR` (codigo_canton,codigo_distrito, nombre_distrito) VALUES(119,11909,'Barú');",,,,,
11910,Río Nuevo,D,119,"INSERT INTO `BASE_DATOS`.`DISTRITO_CR` (codigo_canton,codigo_distrito, nombre_distrito) VALUES(119,11910,'Río Nuevo');",,,,,
11911,Páramo,D,119,"INSERT INTO `BASE_DATOS`.`DISTRITO_CR` (codigo_canton,codigo_distrito, nombre_distrito) VALUES(119,11911,'Páramo');",,,,,
120,León Cortés,C,1,"INSERT INTO `BASE_DATOS`.`CANTON_CR` (codigo_provincia, codigo_canton, nombre_canton) VALUES(1,120,'León Cortés');",,,,,
12001,San Pablo,D,120,"INSERT INTO `BASE_DATOS`.`DISTRITO_CR` (codigo_canton,codigo_distrito, nombre_distrito) VALUES(120,12001,'San Pablo');",,,,,
12002,San Andrés,D,120,"INSERT INTO `BASE_DATOS`.`DISTRITO_CR` (codigo_canton,codigo_distrito, nombre_distrito) VALUES(120,12002,'San Andrés');",,,,,
12003,Llano Bonito,D,120,"INSERT INTO `BASE_DATOS`.`DISTRITO_CR` (codigo_canton,codigo_distrito, nombre_distrito) VALUES(120,12003,'Llano Bonito');",,,,,
12004,San Isidro,D,120,"INSERT INTO `BASE_DATOS`.`DISTRITO_CR` (codigo_canton,codigo_distrito, nombre_distrito) VALUES(120,12004,'San Isidro');",,,,,
12005,Santa Cruz,D,120,"INSERT INTO `BASE_DATOS`.`DISTRITO_CR` (codigo_canton,codigo_distrito, nombre_distrito) VALUES(120,12005,'Santa Cruz');",,,,,
12006,San Antonio,D,120,"INSERT INTO `BASE_DATOS`.`DISTRITO_CR` (codigo_canton,codigo_distrito, nombre_distrito) VALUES(120,12006,'San Antonio');",,,,,
2,Alajuela,P,0,"INSERT INTO `BASE_DATOS`.`PROVINCIA_CR` (codigo_provincia, nombre_provincia) VALUES(2,'Alajuela');",,,,,
201,Alajuela,C,2,"INSERT INTO `BASE_DATOS`.`CANTON_CR` (codigo_provincia, codigo_canton, nombre_canton) VALUES(2,201,'Alajuela');",,,,,
20101,Alajuela,D,201,"INSERT INTO `BASE_DATOS`.`DISTRITO_CR` (codigo_canton,codigo_distrito, nombre_distrito) VALUES(201,20101,'Alajuela');",,,,,
20102,San José,D,201,"INSERT INTO `BASE_DATOS`.`DISTRITO_CR` (codigo_canton,codigo_distrito, nombre_distrito) VALUES(201,20102,'San José');",,,,,
20103,Carrizal,D,201,"INSERT INTO `BASE_DATOS`.`DISTRITO_CR` (codigo_canton,codigo_distrito, nombre_distrito) VALUES(201,20103,'Carrizal');",,,,,
20104,San Antonio,D,201,"INSERT INTO `BASE_DATOS`.`DISTRITO_CR` (codigo_canton,codigo_distrito, nombre_distrito) VALUES(201,20104,'San Antonio');",,,,,
20105,Guácima,D,201,"INSERT INTO `BASE_DATOS`.`DISTRITO_CR` (codigo_canton,codigo_distrito, nombre_distrito) VALUES(201,20105,'Guácima');",,,,,
20106,San Isidro,D,201,"INSERT INTO `BASE_DATOS`.`DISTRITO_CR` (codigo_canton,codigo_distrito, nombre_distrito) VALUES(201,20106,'San Isidro');",,,,,
20107,Sabanilla,D,201,"INSERT INTO `BASE_DATOS`.`DISTRITO_CR` (codigo_canton,codigo_distrito, nombre_distrito) VALUES(201,20107,'Sabanilla');",,,,,
20108,San Rafael,D,201,"INSERT INTO `BASE_DATOS`.`DISTRITO_CR` (codigo_canton,codigo_distrito, nombre_distrito) VALUES(201,20108,'San Rafael');",,,,,
20109,Río Segundo,D,201,"INSERT INTO `BASE_DATOS`.`DISTRITO_CR` (codigo_canton,codigo_distrito, nombre_distrito) VALUES(201,20109,'Río Segundo');",,,,,
20110,Desamparados,D,201,"INSERT INTO `BASE_DATOS`.`DISTRITO_CR` (codigo_canton,codigo_distrito, nombre_distrito) VALUES(201,20110,'Desamparados');",,,,,
20111,Turrucares,D,201,"INSERT INTO `BASE_DATOS`.`DISTRITO_CR` (codigo_canton,codigo_distrito, nombre_distrito) VALUES(201,20111,'Turrucares');",,,,,
20112,Tambor,D,201,"INSERT INTO `BASE_DATOS`.`DISTRITO_CR` (codigo_canton,codigo_distrito, nombre_distrito) VALUES(201,20112,'Tambor');",,,,,
20113,La Garita,D,201,"INSERT INTO `BASE_DATOS`.`DISTRITO_CR` (codigo_canton,codigo_distrito, nombre_distrito) VALUES(201,20113,'La Garita');",,,,,
20114,Sarapiquí,D,201,"INSERT INTO `BASE_DATOS`.`DISTRITO_CR` (codigo_canton,codigo_distrito, nombre_distrito) VALUES(201,20114,'Sarapiquí');",,,,,
202,San Ramón,C,2,"INSERT INTO `BASE_DATOS`.`CANTON_CR` (codigo_provincia, codigo_canton, nombre_canton) VALUES(2,202,'San Ramón');",,,,,
20201,San Ramón,D,202,"INSERT INTO `BASE_DATOS`.`DISTRITO_CR` (codigo_canton,codigo_distrito, nombre_distrito) VALUES(202,20201,'San Ramón');",,,,,
20202,Santiago,D,202,"INSERT INTO `BASE_DATOS`.`DISTRITO_CR` (codigo_canton,codigo_distrito, nombre_distrito) VALUES(202,20202,'Santiago');",,,,,
20203,San Juan,D,202,"INSERT INTO `BASE_DATOS`.`DISTRITO_CR` (codigo_canton,codigo_distrito, nombre_distrito) VALUES(202,20203,'San Juan');",,,,,
20204,Piedades Norte,D,202,"INSERT INTO `BASE_DATOS`.`DISTRITO_CR` (codigo_canton,codigo_distrito, nombre_distrito) VALUES(202,20204,'Piedades Norte');",,,,,
20205,Piedades Sur,D,202,"INSERT INTO `BASE_DATOS`.`DISTRITO_CR` (codigo_canton,codigo_distrito, nombre_distrito) VALUES(202,20205,'Piedades Sur');",,,,,
20206,San Rafael,D,202,"INSERT INTO `BASE_DATOS`.`DISTRITO_CR` (codigo_canton,codigo_distrito, nombre_distrito) VALUES(202,20206,'San Rafael');",,,,,
20207,San Isidro,D,202,"INSERT INTO `BASE_DATOS`.`DISTRITO_CR` (codigo_canton,codigo_distrito, nombre_distrito) VALUES(202,20207,'San Isidro');",,,,,
20208,Angeles,D,202,"INSERT INTO `BASE_DATOS`.`DISTRITO_CR` (codigo_canton,codigo_distrito, nombre_distrito) VALUES(202,20208,'Angeles');",,,,,
20209,Alfaro,D,202,"INSERT INTO `BASE_DATOS`.`DISTRITO_CR` (codigo_canton,codigo_distrito, nombre_distrito) VALUES(202,20209,'Alfaro');",,,,,
20210,Volio,D,202,"INSERT INTO `BASE_DATOS`.`DISTRITO_CR` (codigo_canton,codigo_distrito, nombre_distrito) VALUES(202,20210,'Volio');",,,,,
20211,Concepción,D,202,"INSERT INTO `BASE_DATOS`.`DISTRITO_CR` (codigo_canton,codigo_distrito, nombre_distrito) VALUES(202,20211,'Concepción');",,,,,
20212,Zapotal,D,202,"INSERT INTO `BASE_DATOS`.`DISTRITO_CR` (codigo_canton,codigo_distrito, nombre_distrito) VALUES(202,20212,'Zapotal');",,,,,
20213,San Isidro de Peñas Blancas,D,202,"INSERT INTO `BASE_DATOS`.`DISTRITO_CR` (codigo_canton,codigo_distrito, nombre_distrito) VALUES(202,20213,'San Isidro de Peñas Blancas');",,,,,
203,Grecia,C,2,"INSERT INTO `BASE_DATOS`.`CANTON_CR` (codigo_provincia, codigo_canton, nombre_canton) VALUES(2,203,'Grecia');",,,,,
20301,Grecia,D,203,"INSERT INTO `BASE_DATOS`.`DISTRITO_CR` (codigo_canton,codigo_distrito, nombre_distrito) VALUES(203,20301,'Grecia');",,,,,
20302,San Isidro,D,203,"INSERT INTO `BASE_DATOS`.`DISTRITO_CR` (codigo_canton,codigo_distrito, nombre_distrito) VALUES(203,20302,'San Isidro');",,,,,
20303,San José,D,203,"INSERT INTO `BASE_DATOS`.`DISTRITO_CR` (codigo_canton,codigo_distrito, nombre_distrito) VALUES(203,20303,'San José');",,,,,
20304,San Roque,D,203,"INSERT INTO `BASE_DATOS`.`DISTRITO_CR` (codigo_canton,codigo_distrito, nombre_distrito) VALUES(203,20304,'San Roque');",,,,,
20305,Tacares,D,203,"INSERT INTO `BASE_DATOS`.`DISTRITO_CR` (codigo_canton,codigo_distrito, nombre_distrito) VALUES(203,20305,'Tacares');",,,,,
20306,Río Cuarto,D,203,"INSERT INTO `BASE_DATOS`.`DISTRITO_CR` (codigo_canton,codigo_distrito, nombre_distrito) VALUES(203,20306,'Río Cuarto');",,,,,
20307,Puente Piedra,D,203,"INSERT INTO `BASE_DATOS`.`DISTRITO_CR` (codigo_canton,codigo_distrito, nombre_distrito) VALUES(203,20307,'Puente Piedra');",,,,,
20308,Bolívar,D,203,"INSERT INTO `BASE_DATOS`.`DISTRITO_CR` (codigo_canton,codigo_distrito, nombre_distrito) VALUES(203,20308,'Bolívar');",,,,,
204,San Mateo,C,2,"INSERT INTO `BASE_DATOS`.`CANTON_CR` (codigo_provincia, codigo_canton, nombre_canton) VALUES(2,204,'San Mateo');",,,,,
20401,San Mateo,D,204,"INSERT INTO `BASE_DATOS`.`DISTRITO_CR` (codigo_canton,codigo_distrito, nombre_distrito) VALUES(204,20401,'San Mateo');",,,,,
20402,Desmonte,D,204,"INSERT INTO `BASE_DATOS`.`DISTRITO_CR` (codigo_canton,codigo_distrito, nombre_distrito) VALUES(204,20402,'Desmonte');",,,,,
20403,Jesús María,D,204,"INSERT INTO `BASE_DATOS`.`DISTRITO_CR` (codigo_canton,codigo_distrito, nombre_distrito) VALUES(204,20403,'Jesús María');",,,,,
205,Atenas,C,2,"INSERT INTO `BASE_DATOS`.`CANTON_CR` (codigo_provincia, codigo_canton, nombre_canton) VALUES(2,205,'Atenas');",,,,,
20501,Atenas,D,205,"INSERT INTO `BASE_DATOS`.`DISTRITO_CR` (codigo_canton,codigo_distrito, nombre_distrito) VALUES(205,20501,'Atenas');",,,,,
20502,Jesús,D,205,"INSERT INTO `BASE_DATOS`.`DISTRITO_CR` (codigo_canton,codigo_distrito, nombre_distrito) VALUES(205,20502,'Jesús');",,,,,
20503,Mercedes,D,205,"INSERT INTO `BASE_DATOS`.`DISTRITO_CR` (codigo_canton,codigo_distrito, nombre_distrito) VALUES(205,20503,'Mercedes');",,,,,
20504,San Isidro,D,205,"INSERT INTO `BASE_DATOS`.`DISTRITO_CR` (codigo_canton,codigo_distrito, nombre_distrito) VALUES(205,20504,'San Isidro');",,,,,
20505,Concepción,D,205,"INSERT INTO `BASE_DATOS`.`DISTRITO_CR` (codigo_canton,codigo_distrito, nombre_distrito) VALUES(205,20505,'Concepción');",,,,,
20506,San José,D,205,"INSERT INTO `BASE_DATOS`.`DISTRITO_CR` (codigo_canton,codigo_distrito, nombre_distrito) VALUES(205,20506,'San José');",,,,,
20507,Santa Eulalia,D,205,"INSERT INTO `BASE_DATOS`.`DISTRITO_CR` (codigo_canton,codigo_distrito, nombre_distrito) VALUES(205,20507,'Santa Eulalia');",,,,,
20508,Escobal,D,205,"INSERT INTO `BASE_DATOS`.`DISTRITO_CR` (codigo_canton,codigo_distrito, nombre_distrito) VALUES(205,20508,'Escobal');",,,,,
206,Naranjo,C,2,"INSERT INTO `BASE_DATOS`.`CANTON_CR` (codigo_provincia, codigo_canton, nombre_canton) VALUES(2,206,'Naranjo');",,,,,
20601,Naranjo,D,206,"INSERT INTO `BASE_DATOS`.`DISTRITO_CR` (codigo_canton,codigo_distrito, nombre_distrito) VALUES(206,20601,'Naranjo');",,,,,
20602,San Miguel,D,206,"INSERT INTO `BASE_DATOS`.`DISTRITO_CR` (codigo_canton,codigo_distrito, nombre_distrito) VALUES(206,20602,'San Miguel');",,,,,
20603,San José,D,206,"INSERT INTO `BASE_DATOS`.`DISTRITO_CR` (codigo_canton,codigo_distrito, nombre_distrito) VALUES(206,20603,'San José');",,,,,
20604,Cirrí Sur,D,206,"INSERT INTO `BASE_DATOS`.`DISTRITO_CR` (codigo_canton,codigo_distrito, nombre_distrito) VALUES(206,20604,'Cirrí Sur');",,,,,
20605,San Jerónimo,D,206,"INSERT INTO `BASE_DATOS`.`DISTRITO_CR` (codigo_canton,codigo_distrito, nombre_distrito) VALUES(206,20605,'San Jerónimo');",,,,,
20606,San Juan,D,206,"INSERT INTO `BASE_DATOS`.`DISTRITO_CR` (codigo_canton,codigo_distrito, nombre_distrito) VALUES(206,20606,'San Juan');",,,,,
20607,Rosario,D,206,"INSERT INTO `BASE_DATOS`.`DISTRITO_CR` (codigo_canton,codigo_distrito, nombre_distrito) VALUES(206,20607,'Rosario');",,,,,
207,Palmares,C,2,"INSERT INTO `BASE_DATOS`.`CANTON_CR` (codigo_provincia, codigo_canton, nombre_canton) VALUES(2,207,'Palmares');",,,,,
20701,Palmares,D,207,"INSERT INTO `BASE_DATOS`.`DISTRITO_CR` (codigo_canton,codigo_distrito, nombre_distrito) VALUES(207,20701,'Palmares');",,,,,
20702,Zaragoza,D,207,"INSERT INTO `BASE_DATOS`.`DISTRITO_CR` (codigo_canton,codigo_distrito, nombre_distrito) VALUES(207,20702,'Zaragoza');",,,,,
20703,Buenos Aires,D,207,"INSERT INTO `BASE_DATOS`.`DISTRITO_CR` (codigo_canton,codigo_distrito, nombre_distrito) VALUES(207,20703,'Buenos Aires');",,,,,
20704,Santiago,D,207,"INSERT INTO `BASE_DATOS`.`DISTRITO_CR` (codigo_canton,codigo_distrito, nombre_distrito) VALUES(207,20704,'Santiago');",,,,,
20705,Candelaria,D,207,"INSERT INTO `BASE_DATOS`.`DISTRITO_CR` (codigo_canton,codigo_distrito, nombre_distrito) VALUES(207,20705,'Candelaria');",,,,,
20706,Esquipulas,D,207,"INSERT INTO `BASE_DATOS`.`DISTRITO_CR` (codigo_canton,codigo_distrito, nombre_distrito) VALUES(207,20706,'Esquipulas');",,,,,
20707,La Granja,D,207,"INSERT INTO `BASE_DATOS`.`DISTRITO_CR` (codigo_canton,codigo_distrito, nombre_distrito) VALUES(207,20707,'La Granja');",,,,,
208,Poás,C,2,"INSERT INTO `BASE_DATOS`.`CANTON_CR` (codigo_provincia, codigo_canton, nombre_canton) VALUES(2,208,'Poás');",,,,,
20801,San Pedro,D,208,"INSERT INTO `BASE_DATOS`.`DISTRITO_CR` (codigo_canton,codigo_distrito, nombre_distrito) VALUES(208,20801,'San Pedro');",,,,,
20802,San Juan,D,208,"INSERT INTO `BASE_DATOS`.`DISTRITO_CR` (codigo_canton,codigo_distrito, nombre_distrito) VALUES(208,20802,'San Juan');",,,,,
20803,San Rafael,D,208,"INSERT INTO `BASE_DATOS`.`DISTRITO_CR` (codigo_canton,codigo_distrito, nombre_distrito) VALUES(208,20803,'San Rafael');",,,,,
20804,Carrillos,D,208,"INSERT INTO `BASE_DATOS`.`DISTRITO_CR` (codigo_canton,codigo_distrito, nombre_distrito) VALUES(208,20804,'Carrillos');",,,,,
20805,Sabana Redonda,D,208,"INSERT INTO `BASE_DATOS`.`DISTRITO_CR` (codigo_canton,codigo_distrito, nombre_distrito) VALUES(208,20805,'Sabana Redonda');",,,,,
209,Orotina,C,2,"INSERT INTO `BASE_DATOS`.`CANTON_CR` (codigo_provincia, codigo_canton, nombre_canton) VALUES(2,209,'Orotina');",,,,,
20901,Orotina,D,209,"INSERT INTO `BASE_DATOS`.`DISTRITO_CR` (codigo_canton,codigo_distrito, nombre_distrito) VALUES(209,20901,'Orotina');",,,,,
20902,Mastate,D,209,"INSERT INTO `BASE_DATOS`.`DISTRITO_CR` (codigo_canton,codigo_distrito, nombre_distrito) VALUES(209,20902,'Mastate');",,,,,
20903,Hacienda Vieja,D,209,"INSERT INTO `BASE_DATOS`.`DISTRITO_CR` (codigo_canton,codigo_distrito, nombre_distrito) VALUES(209,20903,'Hacienda Vieja');",,,,,
20904,Coyolar,D,209,"INSERT INTO `BASE_DATOS`.`DISTRITO_CR` (codigo_canton,codigo_distrito, nombre_distrito) VALUES(209,20904,'Coyolar');",,,,,
20905,Ceiba,D,209,"INSERT INTO `BASE_DATOS`.`DISTRITO_CR` (codigo_canton,codigo_distrito, nombre_distrito) VALUES(209,20905,'Ceiba');",,,,,
210,San Carlos,C,2,"INSERT INTO `BASE_DATOS`.`CANTON_CR` (codigo_provincia, codigo_canton, nombre_canton) VALUES(2,210,'San Carlos');",,,,,
21001,Quesada,D,210,"INSERT INTO `BASE_DATOS`.`DISTRITO_CR` (codigo_canton,codigo_distrito, nombre_distrito) VALUES(210,21001,'Quesada');",,,,,
21002,Florencia,D,210,"INSERT INTO `BASE_DATOS`.`DISTRITO_CR` (codigo_canton,codigo_distrito, nombre_distrito) VALUES(210,21002,'Florencia');",,,,,
21003,Buenavista,D,210,"INSERT INTO `BASE_DATOS`.`DISTRITO_CR` (codigo_canton,codigo_distrito, nombre_distrito) VALUES(210,21003,'Buenavista');",,,,,
21004,Aguas Zarcas,D,210,"INSERT INTO `BASE_DATOS`.`DISTRITO_CR` (codigo_canton,codigo_distrito, nombre_distrito) VALUES(210,21004,'Aguas Zarcas');",,,,,
21005,Venecia,D,210,"INSERT INTO `BASE_DATOS`.`DISTRITO_CR` (codigo_canton,codigo_distrito, nombre_distrito) VALUES(210,21005,'Venecia');",,,,,
21006,Pital,D,210,"INSERT INTO `BASE_DATOS`.`DISTRITO_CR` (codigo_canton,codigo_distrito, nombre_distrito) VALUES(210,21006,'Pital');",,,,,
21007,Fortuna,D,210,"INSERT INTO `BASE_DATOS`.`DISTRITO_CR` (codigo_canton,codigo_distrito, nombre_distrito) VALUES(210,21007,'Fortuna');",,,,,
21008,Tigra,D,210,"INSERT INTO `BASE_DATOS`.`DISTRITO_CR` (codigo_canton,codigo_distrito, nombre_distrito) VALUES(210,21008,'Tigra');",,,,,
21009,Palmera,D,210,"INSERT INTO `BASE_DATOS`.`DISTRITO_CR` (codigo_canton,codigo_distrito, nombre_distrito) VALUES(210,21009,'Palmera');",,,,,
21010,Venado,D,210,"INSERT INTO `BASE_DATOS`.`DISTRITO_CR` (codigo_canton,codigo_distrito, nombre_distrito) VALUES(210,21010,'Venado');",,,,,
21011,Cutris,D,210,"INSERT INTO `BASE_DATOS`.`DISTRITO_CR` (codigo_canton,codigo_distrito, nombre_distrito) VALUES(210,21011,'Cutris');",,,,,
21012,Monterrey,D,210,"INSERT INTO `BASE_DATOS`.`DISTRITO_CR` (codigo_canton,codigo_distrito, nombre_distrito) VALUES(210,21012,'Monterrey');",,,,,
21013,Pocosol,D,210,"INSERT INTO `BASE_DATOS`.`DISTRITO_CR` (codigo_canton,codigo_distrito, nombre_distrito) VALUES(210,21013,'Pocosol');",,,,,
211,Alfaro Ruiz,C,2,"INSERT INTO `BASE_DATOS`.`CANTON_CR` (codigo_provincia, codigo_canton, nombre_canton) VALUES(2,211,'Alfaro Ruiz');",,,,,
21101,Zarcero,D,211,"INSERT INTO `BASE_DATOS`.`DISTRITO_CR` (codigo_canton,codigo_distrito, nombre_distrito) VALUES(211,21101,'Zarcero');",,,,,
21102,Laguna,D,211,"INSERT INTO `BASE_DATOS`.`DISTRITO_CR` (codigo_canton,codigo_distrito, nombre_distrito) VALUES(211,21102,'Laguna');",,,,,
21103,Tapezco,D,211,"INSERT INTO `BASE_DATOS`.`DISTRITO_CR` (codigo_canton,codigo_distrito, nombre_distrito) VALUES(211,21103,'Tapezco');",,,,,
21104,Guadalupe,D,211,"INSERT INTO `BASE_DATOS`.`DISTRITO_CR` (codigo_canton,codigo_distrito, nombre_distrito) VALUES(211,21104,'Guadalupe');",,,,,
21105,Palmira,D,211,"INSERT INTO `BASE_DATOS`.`DISTRITO_CR` (codigo_canton,codigo_distrito, nombre_distrito) VALUES(211,21105,'Palmira');",,,,,
21106,Zapote,D,211,"INSERT INTO `BASE_DATOS`.`DISTRITO_CR` (codigo_canton,codigo_distrito, nombre_distrito) VALUES(211,21106,'Zapote');",,,,,
21107,Las Brisas,D,211,"INSERT INTO `BASE_DATOS`.`DISTRITO_CR` (codigo_canton,codigo_distrito, nombre_distrito) VALUES(211,21107,'Las Brisas');",,,,,
212,Valverde Vega,C,2,"INSERT INTO `BASE_DATOS`.`CANTON_CR` (codigo_provincia, codigo_canton, nombre_canton) VALUES(2,212,'Valverde Vega');",,,,,
21201,Sarchí Norte,D,212,"INSERT INTO `BASE_DATOS`.`DISTRITO_CR` (codigo_canton,codigo_distrito, nombre_distrito) VALUES(212,21201,'Sarchí Norte');",,,,,
21202,Sarchí Sur,D,212,"INSERT INTO `BASE_DATOS`.`DISTRITO_CR` (codigo_canton,codigo_distrito, nombre_distrito) VALUES(212,21202,'Sarchí Sur');",,,,,
21203,Toro Amarillo,D,212,"INSERT INTO `BASE_DATOS`.`DISTRITO_CR` (codigo_canton,codigo_distrito, nombre_distrito) VALUES(212,21203,'Toro Amarillo');",,,,,
21204,San Pedro,D,212,"INSERT INTO `BASE_DATOS`.`DISTRITO_CR` (codigo_canton,codigo_distrito, nombre_distrito) VALUES(212,21204,'San Pedro');",,,,,
21205,Rodríguez,D,212,"INSERT INTO `BASE_DATOS`.`DISTRITO_CR` (codigo_canton,codigo_distrito, nombre_distrito) VALUES(212,21205,'Rodríguez');",,,,,
213,Upala,C,2,"INSERT INTO `BASE_DATOS`.`CANTON_CR` (codigo_provincia, codigo_canton, nombre_canton) VALUES(2,213,'Upala');",,,,,
21301,Upala,D,213,"INSERT INTO `BASE_DATOS`.`DISTRITO_CR` (codigo_canton,codigo_distrito, nombre_distrito) VALUES(213,21301,'Upala');",,,,,
21302,Aguas Claras,D,213,"INSERT INTO `BASE_DATOS`.`DISTRITO_CR` (codigo_canton,codigo_distrito, nombre_distrito) VALUES(213,21302,'Aguas Claras');",,,,,
21303,San José o Pizote,D,213,"INSERT INTO `BASE_DATOS`.`DISTRITO_CR` (codigo_canton,codigo_distrito, nombre_distrito) VALUES(213,21303,'San José o Pizote');",,,,,
21304,Bijagua,D,213,"INSERT INTO `BASE_DATOS`.`DISTRITO_CR` (codigo_canton,codigo_distrito, nombre_distrito) VALUES(213,21304,'Bijagua');",,,,,
21305,Delicias,D,213,"INSERT INTO `BASE_DATOS`.`DISTRITO_CR` (codigo_canton,codigo_distrito, nombre_distrito) VALUES(213,21305,'Delicias');",,,,,
21306,Dos Ríos,D,213,"INSERT INTO `BASE_DATOS`.`DISTRITO_CR` (codigo_canton,codigo_distrito, nombre_distrito) VALUES(213,21306,'Dos Ríos');",,,,,
21307,Yolillal,D,213,"INSERT INTO `BASE_DATOS`.`DISTRITO_CR` (codigo_canton,codigo_distrito, nombre_distrito) VALUES(213,21307,'Yolillal');",,,,,
214,Los Chiles,C,2,"INSERT INTO `BASE_DATOS`.`CANTON_CR` (codigo_provincia, codigo_canton, nombre_canton) VALUES(2,214,'Los Chiles');",,,,,
21401,Los Chiles,D,214,"INSERT INTO `BASE_DATOS`.`DISTRITO_CR` (codigo_canton,codigo_distrito, nombre_distrito) VALUES(214,21401,'Los Chiles');",,,,,
21402,Caño Negro,D,214,"INSERT INTO `BASE_DATOS`.`DISTRITO_CR` (codigo_canton,codigo_distrito, nombre_distrito) VALUES(214,21402,'Caño Negro');",,,,,
21403,Amparo,D,214,"INSERT INTO `BASE_DATOS`.`DISTRITO_CR` (codigo_canton,codigo_distrito, nombre_distrito) VALUES(214,21403,'Amparo');",,,,,
21404,San Jorge,D,214,"INSERT INTO `BASE_DATOS`.`DISTRITO_CR` (codigo_canton,codigo_distrito, nombre_distrito) VALUES(214,21404,'San Jorge');",,,,,
215,Guatuso,C,2,"INSERT INTO `BASE_DATOS`.`CANTON_CR` (codigo_provincia, codigo_canton, nombre_canton) VALUES(2,215,'Guatuso');",,,,,
21501,San Rafael,D,215,"INSERT INTO `BASE_DATOS`.`DISTRITO_CR` (codigo_canton,codigo_distrito, nombre_distrito) VALUES(215,21501,'San Rafael');",,,,,
21502,Buenavista,D,215,"INSERT INTO `BASE_DATOS`.`DISTRITO_CR` (codigo_canton,codigo_distrito, nombre_distrito) VALUES(215,21502,'Buenavista');",,,,,
21503,Cote,D,215,"INSERT INTO `BASE_DATOS`.`DISTRITO_CR` (codigo_canton,codigo_distrito, nombre_distrito) VALUES(215,21503,'Cote');",,,,,
3,Cartago,P,0,"INSERT INTO `BASE_DATOS`.`PROVINCIA_CR` (codigo_provincia, nombre_provincia) VALUES(3,'Cartago');",,,,,
301,Cartago,C,3,"INSERT INTO `BASE_DATOS`.`CANTON_CR` (codigo_provincia, codigo_canton, nombre_canton) VALUES(3,301,'Cartago');",,,,,
30101,Oriental,D,301,"INSERT INTO `BASE_DATOS`.`DISTRITO_CR` (codigo_canton,codigo_distrito, nombre_distrito) VALUES(301,30101,'Oriental');",,,,,
30102,Occidental,D,301,"INSERT INTO `BASE_DATOS`.`DISTRITO_CR` (codigo_canton,codigo_distrito, nombre_distrito) VALUES(301,30102,'Occidental');",,,,,
30103,Carmen,D,301,"INSERT INTO `BASE_DATOS`.`DISTRITO_CR` (codigo_canton,codigo_distrito, nombre_distrito) VALUES(301,30103,'Carmen');",,,,,
30104,San Nicolás,D,301,"INSERT INTO `BASE_DATOS`.`DISTRITO_CR` (codigo_canton,codigo_distrito, nombre_distrito) VALUES(301,30104,'San Nicolás');",,,,,
30105,Aguacaliente o San Francisco,D,301,"INSERT INTO `BASE_DATOS`.`DISTRITO_CR` (codigo_canton,codigo_distrito, nombre_distrito) VALUES(301,30105,'Aguacaliente o San Francisco');",,,,,
30106,Guadalupe o Arenilla,D,301,"INSERT INTO `BASE_DATOS`.`DISTRITO_CR` (codigo_canton,codigo_distrito, nombre_distrito) VALUES(301,30106,'Guadalupe o Arenilla');",,,,,
30107,Corralillo,D,301,"INSERT INTO `BASE_DATOS`.`DISTRITO_CR` (codigo_canton,codigo_distrito, nombre_distrito) VALUES(301,30107,'Corralillo');",,,,,
30108,Tierra Blanca,D,301,"INSERT INTO `BASE_DATOS`.`DISTRITO_CR` (codigo_canton,codigo_distrito, nombre_distrito) VALUES(301,30108,'Tierra Blanca');",,,,,
30109,Dulce Nombre,D,301,"INSERT INTO `BASE_DATOS`.`DISTRITO_CR` (codigo_canton,codigo_distrito, nombre_distrito) VALUES(301,30109,'Dulce Nombre');",,,,,
30110,Llano Grande,D,301,"INSERT INTO `BASE_DATOS`.`DISTRITO_CR` (codigo_canton,codigo_distrito, nombre_distrito) VALUES(301,30110,'Llano Grande');",,,,,
30111,Quebradilla,D,301,"INSERT INTO `BASE_DATOS`.`DISTRITO_CR` (codigo_canton,codigo_distrito, nombre_distrito) VALUES(301,30111,'Quebradilla');",,,,,
302,Paraíso,C,3,"INSERT INTO `BASE_DATOS`.`CANTON_CR` (codigo_provincia, codigo_canton, nombre_canton) VALUES(3,302,'Paraíso');",,,,,
30201,Paraíso,D,302,"INSERT INTO `BASE_DATOS`.`DISTRITO_CR` (codigo_canton,codigo_distrito, nombre_distrito) VALUES(302,30201,'Paraíso');",,,,,
30202,Santiago,D,302,"INSERT INTO `BASE_DATOS`.`DISTRITO_CR` (codigo_canton,codigo_distrito, nombre_distrito) VALUES(302,30202,'Santiago');",,,,,
30203,Orosi,D,302,"INSERT INTO `BASE_DATOS`.`DISTRITO_CR` (codigo_canton,codigo_distrito, nombre_distrito) VALUES(302,30203,'Orosi');",,,,,
30204,Cachí,D,302,"INSERT INTO `BASE_DATOS`.`DISTRITO_CR` (codigo_canton,codigo_distrito, nombre_distrito) VALUES(302,30204,'Cachí');",,,,,
30205,Los Llanos de Santa Lucía,D,302,"INSERT INTO `BASE_DATOS`.`DISTRITO_CR` (codigo_canton,codigo_distrito, nombre_distrito) VALUES(302,30205,'Los Llanos de Santa Lucía');",,,,,
303,La Unión,C,3,"INSERT INTO `BASE_DATOS`.`CANTON_CR` (codigo_provincia, codigo_canton, nombre_canton) VALUES(3,303,'La Unión');",,,,,
30301,Tres Ríos,D,303,"INSERT INTO `BASE_DATOS`.`DISTRITO_CR` (codigo_canton,codigo_distrito, nombre_distrito) VALUES(303,30301,'Tres Ríos');",,,,,
30302,San Diego,D,303,"INSERT INTO `BASE_DATOS`.`DISTRITO_CR` (codigo_canton,codigo_distrito, nombre_distrito) VALUES(303,30302,'San Diego');",,,,,
30303,San Juan,D,303,"INSERT INTO `BASE_DATOS`.`DISTRITO_CR` (codigo_canton,codigo_distrito, nombre_distrito) VALUES(303,30303,'San Juan');",,,,,
30304,San Rafael,D,303,"INSERT INTO `BASE_DATOS`.`DISTRITO_CR` (codigo_canton,codigo_distrito, nombre_distrito) VALUES(303,30304,'San Rafael');",,,,,
30305,Concepción,D,303,"INSERT INTO `BASE_DATOS`.`DISTRITO_CR` (codigo_canton,codigo_distrito, nombre_distrito) VALUES(303,30305,'Concepción');",,,,,
30306,Dulce Nombre,D,303,"INSERT INTO `BASE_DATOS`.`DISTRITO_CR` (codigo_canton,codigo_distrito, nombre_distrito) VALUES(303,30306,'Dulce Nombre');",,,,,
30307,San Ramón,D,303,"INSERT INTO `BASE_DATOS`.`DISTRITO_CR` (codigo_canton,codigo_distrito, nombre_distrito) VALUES(303,30307,'San Ramón');",,,,,
30308,Río Azul,D,303,"INSERT INTO `BASE_DATOS`.`DISTRITO_CR` (codigo_canton,codigo_distrito, nombre_distrito) VALUES(303,30308,'Río Azul');",,,,,
304,Jiménez,C,3,"INSERT INTO `BASE_DATOS`.`CANTON_CR` (codigo_provincia, codigo_canton, nombre_canton) VALUES(3,304,'Jiménez');",,,,,
30401,Juan Viñas,D,304,"INSERT INTO `BASE_DATOS`.`DISTRITO_CR` (codigo_canton,codigo_distrito, nombre_distrito) VALUES(304,30401,'Juan Viñas');",,,,,
30402,Tucurrique,D,304,"INSERT INTO `BASE_DATOS`.`DISTRITO_CR` (codigo_canton,codigo_distrito, nombre_distrito) VALUES(304,30402,'Tucurrique');",,,,,
30403,Pejibaye,D,304,"INSERT INTO `BASE_DATOS`.`DISTRITO_CR` (codigo_canton,codigo_distrito, nombre_distrito) VALUES(304,30403,'Pejibaye');",,,,,
305,Turrialba,C,3,"INSERT INTO `BASE_DATOS`.`CANTON_CR` (codigo_provincia, codigo_canton, nombre_canton) VALUES(3,305,'Turrialba');",,,,,
30501,Turrialba,D,305,"INSERT INTO `BASE_DATOS`.`DISTRITO_CR` (codigo_canton,codigo_distrito, nombre_distrito) VALUES(305,30501,'Turrialba');",,,,,
30502,La Suiza,D,305,"INSERT INTO `BASE_DATOS`.`DISTRITO_CR` (codigo_canton,codigo_distrito, nombre_distrito) VALUES(305,30502,'La Suiza');",,,,,
30503,Peralta,D,305,"INSERT INTO `BASE_DATOS`.`DISTRITO_CR` (codigo_canton,codigo_distrito, nombre_distrito) VALUES(305,30503,'Peralta');",,,,,
30504,Santa Cruz,D,305,"INSERT INTO `BASE_DATOS`.`DISTRITO_CR` (codigo_canton,codigo_distrito, nombre_distrito) VALUES(305,30504,'Santa Cruz');",,,,,
30505,Santa Teresita,D,305,"INSERT INTO `BASE_DATOS`.`DISTRITO_CR` (codigo_canton,codigo_distrito, nombre_distrito) VALUES(305,30505,'Santa Teresita');",,,,,
30506,Pavones,D,305,"INSERT INTO `BASE_DATOS`.`DISTRITO_CR` (codigo_canton,codigo_distrito, nombre_distrito) VALUES(305,30506,'Pavones');",,,,,
30507,Tuis,D,305,"INSERT INTO `BASE_DATOS`.`DISTRITO_CR` (codigo_canton,codigo_distrito, nombre_distrito) VALUES(305,30507,'Tuis');",,,,,
30508,Tayutic,D,305,"INSERT INTO `BASE_DATOS`.`DISTRITO_CR` (codigo_canton,codigo_distrito, nombre_distrito) VALUES(305,30508,'Tayutic');",,,,,
30509,Santa Rosa,D,305,"INSERT INTO `BASE_DATOS`.`DISTRITO_CR` (codigo_canton,codigo_distrito, nombre_distrito) VALUES(305,30509,'Santa Rosa');",,,,,
30510,Tres Equis,D,305,"INSERT INTO `BASE_DATOS`.`DISTRITO_CR` (codigo_canton,codigo_distrito, nombre_distrito) VALUES(305,30510,'Tres Equis');",,,,,
30511,La Isabel,D,305,"INSERT INTO `BASE_DATOS`.`DISTRITO_CR` (codigo_canton,codigo_distrito, nombre_distrito) VALUES(305,30511,'La Isabel');",,,,,
30512,Chirripó,D,305,"INSERT INTO `BASE_DATOS`.`DISTRITO_CR` (codigo_canton,codigo_distrito, nombre_distrito) VALUES(305,30512,'Chirripó');",,,,,
306,Alvarado,C,3,"INSERT INTO `BASE_DATOS`.`CANTON_CR` (codigo_provincia, codigo_canton, nombre_canton) VALUES(3,306,'Alvarado');",,,,,
30601,Pacayas,D,306,"INSERT INTO `BASE_DATOS`.`DISTRITO_CR` (codigo_canton,codigo_distrito, nombre_distrito) VALUES(306,30601,'Pacayas');",,,,,
30602,Cervantes,D,306,"INSERT INTO `BASE_DATOS`.`DISTRITO_CR` (codigo_canton,codigo_distrito, nombre_distrito) VALUES(306,30602,'Cervantes');",,,,,
30603,Capellades,D,306,"INSERT INTO `BASE_DATOS`.`DISTRITO_CR` (codigo_canton,codigo_distrito, nombre_distrito) VALUES(306,30603,'Capellades');",,,,,
307,Oreamuno,C,3,"INSERT INTO `BASE_DATOS`.`CANTON_CR` (codigo_provincia, codigo_canton, nombre_canton) VALUES(3,307,'Oreamuno');",,,,,
30701,San Rafael,D,307,"INSERT INTO `BASE_DATOS`.`DISTRITO_CR` (codigo_canton,codigo_distrito, nombre_distrito) VALUES(307,30701,'San Rafael');",,,,,
30702,Cot,D,307,"INSERT INTO `BASE_DATOS`.`DISTRITO_CR` (codigo_canton,codigo_distrito, nombre_distrito) VALUES(307,30702,'Cot');",,,,,
30703,Potrero Cerrado,D,307,"INSERT INTO `BASE_DATOS`.`DISTRITO_CR` (codigo_canton,codigo_distrito, nombre_distrito) VALUES(307,30703,'Potrero Cerrado');",,,,,
30704,Cipreses,D,307,"INSERT INTO `BASE_DATOS`.`DISTRITO_CR` (codigo_canton,codigo_distrito, nombre_distrito) VALUES(307,30704,'Cipreses');",,,,,
30705,Santa Rosa,D,307,"INSERT INTO `BASE_DATOS`.`DISTRITO_CR` (codigo_canton,codigo_distrito, nombre_distrito) VALUES(307,30705,'Santa Rosa');",,,,,
308,El Guarco,C,3,"INSERT INTO `BASE_DATOS`.`CANTON_CR` (codigo_provincia, codigo_canton, nombre_canton) VALUES(3,308,'El Guarco');",,,,,
30801,El Tejar,D,308,"INSERT INTO `BASE_DATOS`.`DISTRITO_CR` (codigo_canton,codigo_distrito, nombre_distrito) VALUES(308,30801,'El Tejar');",,,,,
30802,San Isidro,D,308,"INSERT INTO `BASE_DATOS`.`DISTRITO_CR` (codigo_canton,codigo_distrito, nombre_distrito) VALUES(308,30802,'San Isidro');",,,,,
30803,Tobosi,D,308,"INSERT INTO `BASE_DATOS`.`DISTRITO_CR` (codigo_canton,codigo_distrito, nombre_distrito) VALUES(308,30803,'Tobosi');",,,,,
30804,Patio de Agua,D,308,"INSERT INTO `BASE_DATOS`.`DISTRITO_CR` (codigo_canton,codigo_distrito, nombre_distrito) VALUES(308,30804,'Patio de Agua');",,,,,
4,Heredia,P,0,"INSERT INTO `BASE_DATOS`.`PROVINCIA_CR` (codigo_provincia, nombre_provincia) VALUES(4,'Heredia');",,,,,
401,Heredia,C,4,"INSERT INTO `BASE_DATOS`.`CANTON_CR` (codigo_provincia, codigo_canton, nombre_canton) VALUES(4,401,'Heredia');",,,,,
40101,Heredia,D,401,"INSERT INTO `BASE_DATOS`.`DISTRITO_CR` (codigo_canton,codigo_distrito, nombre_distrito) VALUES(401,40101,'Heredia');",,,,,
40102,Mercedes,D,401,"INSERT INTO `BASE_DATOS`.`DISTRITO_CR` (codigo_canton,codigo_distrito, nombre_distrito) VALUES(401,40102,'Mercedes');",,,,,
40103,San Francisco,D,401,"INSERT INTO `BASE_DATOS`.`DISTRITO_CR` (codigo_canton,codigo_distrito, nombre_distrito) VALUES(401,40103,'San Francisco');",,,,,
40104,Ulloa,D,401,"INSERT INTO `BASE_DATOS`.`DISTRITO_CR` (codigo_canton,codigo_distrito, nombre_distrito) VALUES(401,40104,'Ulloa');",,,,,
40105,Varablanca,D,401,"INSERT INTO `BASE_DATOS`.`DISTRITO_CR` (codigo_canton,codigo_distrito, nombre_distrito) VALUES(401,40105,'Varablanca');",,,,,
402,Barva,C,4,"INSERT INTO `BASE_DATOS`.`CANTON_CR` (codigo_provincia, codigo_canton, nombre_canton) VALUES(4,402,'Barva');",,,,,
40201,Barva,D,402,"INSERT INTO `BASE_DATOS`.`DISTRITO_CR` (codigo_canton,codigo_distrito, nombre_distrito) VALUES(402,40201,'Barva');",,,,,
40202,San Pedro,D,402,"INSERT INTO `BASE_DATOS`.`DISTRITO_CR` (codigo_canton,codigo_distrito, nombre_distrito) VALUES(402,40202,'San Pedro');",,,,,
40203,San Pablo,D,402,"INSERT INTO `BASE_DATOS`.`DISTRITO_CR` (codigo_canton,codigo_distrito, nombre_distrito) VALUES(402,40203,'San Pablo');",,,,,
40204,San Roque,D,402,"INSERT INTO `BASE_DATOS`.`DISTRITO_CR` (codigo_canton,codigo_distrito, nombre_distrito) VALUES(402,40204,'San Roque');",,,,,
40205,Santa Lucía,D,402,"INSERT INTO `BASE_DATOS`.`DISTRITO_CR` (codigo_canton,codigo_distrito, nombre_distrito) VALUES(402,40205,'Santa Lucía');",,,,,
40206,San José de la Montaña,D,402,"INSERT INTO `BASE_DATOS`.`DISTRITO_CR` (codigo_canton,codigo_distrito, nombre_distrito) VALUES(402,40206,'San José de la Montaña');",,,,,
403,Santo Domingo,C,4,"INSERT INTO `BASE_DATOS`.`CANTON_CR` (codigo_provincia, codigo_canton, nombre_canton) VALUES(4,403,'Santo Domingo');",,,,,
40301,Santo Domingo,D,403,"INSERT INTO `BASE_DATOS`.`DISTRITO_CR` (codigo_canton,codigo_distrito, nombre_distrito) VALUES(403,40301,'Santo Domingo');",,,,,
40302,San Vicente,D,403,"INSERT INTO `BASE_DATOS`.`DISTRITO_CR` (codigo_canton,codigo_distrito, nombre_distrito) VALUES(403,40302,'San Vicente');",,,,,
40303,San Miguel,D,403,"INSERT INTO `BASE_DATOS`.`DISTRITO_CR` (codigo_canton,codigo_distrito, nombre_distrito) VALUES(403,40303,'San Miguel');",,,,,
40304,Paracito,D,403,"INSERT INTO `BASE_DATOS`.`DISTRITO_CR` (codigo_canton,codigo_distrito, nombre_distrito) VALUES(403,40304,'Paracito');",,,,,
40305,Santo Tomás,D,403,"INSERT INTO `BASE_DATOS`.`DISTRITO_CR` (codigo_canton,codigo_distrito, nombre_distrito) VALUES(403,40305,'Santo Tomás');",,,,,
40306,Santa Rosa,D,403,"INSERT INTO `BASE_DATOS`.`DISTRITO_CR` (codigo_canton,codigo_distrito, nombre_distrito) VALUES(403,40306,'Santa Rosa');",,,,,
40307,Tures,D,403,"INSERT INTO `BASE_DATOS`.`DISTRITO_CR` (codigo_canton,codigo_distrito, nombre_distrito) VALUES(403,40307,'Tures');",,,,,
40308,Pará,D,403,"INSERT INTO `BASE_DATOS`.`DISTRITO_CR` (codigo_canton,codigo_distrito, nombre_distrito) VALUES(403,40308,'Pará');",,,,,
404,Santa Bárbara,C,4,"INSERT INTO `BASE_DATOS`.`CANTON_CR` (codigo_provincia, codigo_canton, nombre_canton) VALUES(4,404,'Santa Bárbara');",,,,,
40401,Santa Bárbara,D,404,"INSERT INTO `BASE_DATOS`.`DISTRITO_CR` (codigo_canton,codigo_distrito, nombre_distrito) VALUES(404,40401,'Santa Bárbara');",,,,,
40402,San Pedro,D,404,"INSERT INTO `BASE_DATOS`.`DISTRITO_CR` (codigo_canton,codigo_distrito, nombre_distrito) VALUES(404,40402,'San Pedro');",,,,,
40403,San Juan,D,404,"INSERT INTO `BASE_DATOS`.`DISTRITO_CR` (codigo_canton,codigo_distrito, nombre_distrito) VALUES(404,40403,'San Juan');",,,,,
40404,Jesús,D,404,"INSERT INTO `BASE_DATOS`.`DISTRITO_CR` (codigo_canton,codigo_distrito, nombre_distrito) VALUES(404,40404,'Jesús');",,,,,
40405,Santo Domingo del Roble,D,404,"INSERT INTO `BASE_DATOS`.`DISTRITO_CR` (codigo_canton,codigo_distrito, nombre_distrito) VALUES(404,40405,'Santo Domingo del Roble');",,,,,
40406,Puraba,D,404,"INSERT INTO `BASE_DATOS`.`DISTRITO_CR` (codigo_canton,codigo_distrito, nombre_distrito) VALUES(404,40406,'Puraba');",,,,,
405,San Rafael,C,4,"INSERT INTO `BASE_DATOS`.`CANTON_CR` (codigo_provincia, codigo_canton, nombre_canton) VALUES(4,405,'San Rafael');",,,,,
40501,San Rafael,D,405,"INSERT INTO `BASE_DATOS`.`DISTRITO_CR` (codigo_canton,codigo_distrito, nombre_distrito) VALUES(405,40501,'San Rafael');",,,,,
40502,San Josecito,D,405,"INSERT INTO `BASE_DATOS`.`DISTRITO_CR` (codigo_canton,codigo_distrito, nombre_distrito) VALUES(405,40502,'San Josecito');",,,,,
40503,Santiago,D,405,"INSERT INTO `BASE_DATOS`.`DISTRITO_CR` (codigo_canton,codigo_distrito, nombre_distrito) VALUES(405,40503,'Santiago');",,,,,
40504,Angeles,D,405,"INSERT INTO `BASE_DATOS`.`DISTRITO_CR` (codigo_canton,codigo_distrito, nombre_distrito) VALUES(405,40504,'Angeles');",,,,,
40505,Concepción,D,405,"INSERT INTO `BASE_DATOS`.`DISTRITO_CR` (codigo_canton,codigo_distrito, nombre_distrito) VALUES(405,40505,'Concepción');",,,,,
406,San Isidro,C,4,"INSERT INTO `BASE_DATOS`.`CANTON_CR` (codigo_provincia, codigo_canton, nombre_canton) VALUES(4,406,'San Isidro');",,,,,
40601,San Isidro,D,406,"INSERT INTO `BASE_DATOS`.`DISTRITO_CR` (codigo_canton,codigo_distrito, nombre_distrito) VALUES(406,40601,'San Isidro');",,,,,
40602,San José,D,406,"INSERT INTO `BASE_DATOS`.`DISTRITO_CR` (codigo_canton,codigo_distrito, nombre_distrito) VALUES(406,40602,'San José');",,,,,
40603,Concepción,D,406,"INSERT INTO `BASE_DATOS`.`DISTRITO_CR` (codigo_canton,codigo_distrito, nombre_distrito) VALUES(406,40603,'Concepción');",,,,,
40604,San Francisco,D,406,"INSERT INTO `BASE_DATOS`.`DISTRITO_CR` (codigo_canton,codigo_distrito, nombre_distrito) VALUES(406,40604,'San Francisco');",,,,,
407,Belén,C,4,"INSERT INTO `BASE_DATOS`.`CANTON_CR` (codigo_provincia, codigo_canton, nombre_canton) VALUES(4,407,'Belén');",,,,,
40701,San Antonio,D,407,"INSERT INTO `BASE_DATOS`.`DISTRITO_CR` (codigo_canton,codigo_distrito, nombre_distrito) VALUES(407,40701,'San Antonio');",,,,,
40702,La Ribera,D,407,"INSERT INTO `BASE_DATOS`.`DISTRITO_CR` (codigo_canton,codigo_distrito, nombre_distrito) VALUES(407,40702,'La Ribera');",,,,,
40703,Asunción,D,407,"INSERT INTO `BASE_DATOS`.`DISTRITO_CR` (codigo_canton,codigo_distrito, nombre_distrito) VALUES(407,40703,'Asunción');",,,,,
408,Flores,C,4,"INSERT INTO `BASE_DATOS`.`CANTON_CR` (codigo_provincia, codigo_canton, nombre_canton) VALUES(4,408,'Flores');",,,,,
40801,San Joaquín,D,408,"INSERT INTO `BASE_DATOS`.`DISTRITO_CR` (codigo_canton,codigo_distrito, nombre_distrito) VALUES(408,40801,'San Joaquín');",,,,,
40802,Barrantes,D,408,"INSERT INTO `BASE_DATOS`.`DISTRITO_CR` (codigo_canton,codigo_distrito, nombre_distrito) VALUES(408,40802,'Barrantes');",,,,,
40803,Llorente,D,408,"INSERT INTO `BASE_DATOS`.`DISTRITO_CR` (codigo_canton,codigo_distrito, nombre_distrito) VALUES(408,40803,'Llorente');",,,,,
409,San Pablo,C,4,"INSERT INTO `BASE_DATOS`.`CANTON_CR` (codigo_provincia, codigo_canton, nombre_canton) VALUES(4,409,'San Pablo');",,,,,
40901,San Pablo,D,409,"INSERT INTO `BASE_DATOS`.`DISTRITO_CR` (codigo_canton,codigo_distrito, nombre_distrito) VALUES(409,40901,'San Pablo');",,,,,
410,Sarapiquí ,C,4,"INSERT INTO `BASE_DATOS`.`CANTON_CR` (codigo_provincia, codigo_canton, nombre_canton) VALUES(4,410,'Sarapiquí ');",,,,,
41001,Puerto Viejo,D,410,"INSERT INTO `BASE_DATOS`.`DISTRITO_CR` (codigo_canton,codigo_distrito, nombre_distrito) VALUES(410,41001,'Puerto Viejo');",,,,,
41002,La Virgen,D,410,"INSERT INTO `BASE_DATOS`.`DISTRITO_CR` (codigo_canton,codigo_distrito, nombre_distrito) VALUES(410,41002,'La Virgen');",,,,,
41003,Horquetas,D,410,"INSERT INTO `BASE_DATOS`.`DISTRITO_CR` (codigo_canton,codigo_distrito, nombre_distrito) VALUES(410,41003,'Horquetas');",,,,,
41004,Llanuras de Gaspar,D,410,"INSERT INTO `BASE_DATOS`.`DISTRITO_CR` (codigo_canton,codigo_distrito, nombre_distrito) VALUES(410,41004,'Llanuras de Gaspar');",,,,,
41005,Cureña,D,410,"INSERT INTO `BASE_DATOS`.`DISTRITO_CR` (codigo_canton,codigo_distrito, nombre_distrito) VALUES(410,41005,'Cureña');",,,,,
5,Guanacaste,P,0,"INSERT INTO `BASE_DATOS`.`PROVINCIA_CR` (codigo_provincia, nombre_provincia) VALUES(5,'Guanacaste');",,,,,
501,Liberia,C,5,"INSERT INTO `BASE_DATOS`.`CANTON_CR` (codigo_provincia, codigo_canton, nombre_canton) VALUES(5,501,'Liberia');",,,,,
50101,Liberia,D,501,"INSERT INTO `BASE_DATOS`.`DISTRITO_CR` (codigo_canton,codigo_distrito, nombre_distrito) VALUES(501,50101,'Liberia');",,,,,
50102,Cañas Dulces,D,501,"INSERT INTO `BASE_DATOS`.`DISTRITO_CR` (codigo_canton,codigo_distrito, nombre_distrito) VALUES(501,50102,'Cañas Dulces');",,,,,
50103,Mayorga,D,501,"INSERT INTO `BASE_DATOS`.`DISTRITO_CR` (codigo_canton,codigo_distrito, nombre_distrito) VALUES(501,50103,'Mayorga');",,,,,
50104,Nacascolo,D,501,"INSERT INTO `BASE_DATOS`.`DISTRITO_CR` (codigo_canton,codigo_distrito, nombre_distrito) VALUES(501,50104,'Nacascolo');",,,,,
50105,Curubande,D,501,"INSERT INTO `BASE_DATOS`.`DISTRITO_CR` (codigo_canton,codigo_distrito, nombre_distrito) VALUES(501,50105,'Curubande');",,,,,
502,Nicoya,C,5,"INSERT INTO `BASE_DATOS`.`CANTON_CR` (codigo_provincia, codigo_canton, nombre_canton) VALUES(5,502,'Nicoya');",,,,,
50201,Nicoya,D,502,"INSERT INTO `BASE_DATOS`.`DISTRITO_CR` (codigo_canton,codigo_distrito, nombre_distrito) VALUES(502,50201,'Nicoya');",,,,,
50202,Mansión,D,502,"INSERT INTO `BASE_DATOS`.`DISTRITO_CR` (codigo_canton,codigo_distrito, nombre_distrito) VALUES(502,50202,'Mansión');",,,,,
50203,San Antonio,D,502,"INSERT INTO `BASE_DATOS`.`DISTRITO_CR` (codigo_canton,codigo_distrito, nombre_distrito) VALUES(502,50203,'San Antonio');",,,,,
50204,Quebrada Honda,D,502,"INSERT INTO `BASE_DATOS`.`DISTRITO_CR` (codigo_canton,codigo_distrito, nombre_distrito) VALUES(502,50204,'Quebrada Honda');",,,,,
50205,Sámara,D,502,"INSERT INTO `BASE_DATOS`.`DISTRITO_CR` (codigo_canton,codigo_distrito, nombre_distrito) VALUES(502,50205,'Sámara');",,,,,
50206,Nósara,D,502,"INSERT INTO `BASE_DATOS`.`DISTRITO_CR` (codigo_canton,codigo_distrito, nombre_distrito) VALUES(502,50206,'Nósara');",,,,,
50207,Belén de Nosarita,D,502,"INSERT INTO `BASE_DATOS`.`DISTRITO_CR` (codigo_canton,codigo_distrito, nombre_distrito) VALUES(502,50207,'Belén de Nosarita');",,,,,
503,Santa Cruz,C,5,"INSERT INTO `BASE_DATOS`.`CANTON_CR` (codigo_provincia, codigo_canton, nombre_canton) VALUES(5,503,'Santa Cruz');",,,,,
50301,Santa Cruz,D,503,"INSERT INTO `BASE_DATOS`.`DISTRITO_CR` (codigo_canton,codigo_distrito, nombre_distrito) VALUES(503,50301,'Santa Cruz');",,,,,
50302,Bolsón,D,503,"INSERT INTO `BASE_DATOS`.`DISTRITO_CR` (codigo_canton,codigo_distrito, nombre_distrito) VALUES(503,50302,'Bolsón');",,,,,
50303,Veintisiete de Abril,D,503,"INSERT INTO `BASE_DATOS`.`DISTRITO_CR` (codigo_canton,codigo_distrito, nombre_distrito) VALUES(503,50303,'Veintisiete de Abril');",,,,,
50304,Tempate,D,503,"INSERT INTO `BASE_DATOS`.`DISTRITO_CR` (codigo_canton,codigo_distrito, nombre_distrito) VALUES(503,50304,'Tempate');",,,,,
50305,Cartagena,D,503,"INSERT INTO `BASE_DATOS`.`DISTRITO_CR` (codigo_canton,codigo_distrito, nombre_distrito) VALUES(503,50305,'Cartagena');",,,,,
50306,Cuajiniquil,D,503,"INSERT INTO `BASE_DATOS`.`DISTRITO_CR` (codigo_canton,codigo_distrito, nombre_distrito) VALUES(503,50306,'Cuajiniquil');",,,,,
50307,Diriá,D,503,"INSERT INTO `BASE_DATOS`.`DISTRITO_CR` (codigo_canton,codigo_distrito, nombre_distrito) VALUES(503,50307,'Diriá');",,,,,
50308,Cabo Velas,D,503,"INSERT INTO `BASE_DATOS`.`DISTRITO_CR` (codigo_canton,codigo_distrito, nombre_distrito) VALUES(503,50308,'Cabo Velas');",,,,,
50309,Tamarindo,D,503,"INSERT INTO `BASE_DATOS`.`DISTRITO_CR` (codigo_canton,codigo_distrito, nombre_distrito) VALUES(503,50309,'Tamarindo');",,,,,
504,Bagaces,C,5,"INSERT INTO `BASE_DATOS`.`CANTON_CR` (codigo_provincia, codigo_canton, nombre_canton) VALUES(5,504,'Bagaces');",,,,,
50401,Bagaces,D,504,"INSERT INTO `BASE_DATOS`.`DISTRITO_CR` (codigo_canton,codigo_distrito, nombre_distrito) VALUES(504,50401,'Bagaces');",,,,,
50402,Fortuna,D,504,"INSERT INTO `BASE_DATOS`.`DISTRITO_CR` (codigo_canton,codigo_distrito, nombre_distrito) VALUES(504,50402,'Fortuna');",,,,,
50403,Mogote,D,504,"INSERT INTO `BASE_DATOS`.`DISTRITO_CR` (codigo_canton,codigo_distrito, nombre_distrito) VALUES(504,50403,'Mogote');",,,,,
50404,Río Naranjo,D,504,"INSERT INTO `BASE_DATOS`.`DISTRITO_CR` (codigo_canton,codigo_distrito, nombre_distrito) VALUES(504,50404,'Río Naranjo');",,,,,
505,Carrillo,C,5,"INSERT INTO `BASE_DATOS`.`CANTON_CR` (codigo_provincia, codigo_canton, nombre_canton) VALUES(5,505,'Carrillo');",,,,,
50501,Filadelfia,D,505,"INSERT INTO `BASE_DATOS`.`DISTRITO_CR` (codigo_canton,codigo_distrito, nombre_distrito) VALUES(505,50501,'Filadelfia');",,,,,
50502,Palmira,D,505,"INSERT INTO `BASE_DATOS`.`DISTRITO_CR` (codigo_canton,codigo_distrito, nombre_distrito) VALUES(505,50502,'Palmira');",,,,,
50503,Sardinal,D,505,"INSERT INTO `BASE_DATOS`.`DISTRITO_CR` (codigo_canton,codigo_distrito, nombre_distrito) VALUES(505,50503,'Sardinal');",,,,,
50504,Belén,D,505,"INSERT INTO `BASE_DATOS`.`DISTRITO_CR` (codigo_canton,codigo_distrito, nombre_distrito) VALUES(505,50504,'Belén');",,,,,
506,Cañas,C,5,"INSERT INTO `BASE_DATOS`.`CANTON_CR` (codigo_provincia, codigo_canton, nombre_canton) VALUES(5,506,'Cañas');",,,,,
50601,Cañas,D,506,"INSERT INTO `BASE_DATOS`.`DISTRITO_CR` (codigo_canton,codigo_distrito, nombre_distrito) VALUES(506,50601,'Cañas');",,,,,
50602,Palmira,D,506,"INSERT INTO `BASE_DATOS`.`DISTRITO_CR` (codigo_canton,codigo_distrito, nombre_distrito) VALUES(506,50602,'Palmira');",,,,,
50603,San Miguel,D,506,"INSERT INTO `BASE_DATOS`.`DISTRITO_CR` (codigo_canton,codigo_distrito, nombre_distrito) VALUES(506,50603,'San Miguel');",,,,,
50604,Bebedero,D,506,"INSERT INTO `BASE_DATOS`.`DISTRITO_CR` (codigo_canton,codigo_distrito, nombre_distrito) VALUES(506,50604,'Bebedero');",,,,,
50605,Porozal,D,506,"INSERT INTO `BASE_DATOS`.`DISTRITO_CR` (codigo_canton,codigo_distrito, nombre_distrito) VALUES(506,50605,'Porozal');",,,,,
507,Abangares,C,5,"INSERT INTO `BASE_DATOS`.`CANTON_CR` (codigo_provincia, codigo_canton, nombre_canton) VALUES(5,507,'Abangares');",,,,,
50701,Juntas,D,507,"INSERT INTO `BASE_DATOS`.`DISTRITO_CR` (codigo_canton,codigo_distrito, nombre_distrito) VALUES(507,50701,'Juntas');",,,,,
50702,Sierra,D,507,"INSERT INTO `BASE_DATOS`.`DISTRITO_CR` (codigo_canton,codigo_distrito, nombre_distrito) VALUES(507,50702,'Sierra');",,,,,
50703,San Juan,D,507,"INSERT INTO `BASE_DATOS`.`DISTRITO_CR` (codigo_canton,codigo_distrito, nombre_distrito) VALUES(507,50703,'San Juan');",,,,,
50704,Colorado,D,507,"INSERT INTO `BASE_DATOS`.`DISTRITO_CR` (codigo_canton,codigo_distrito, nombre_distrito) VALUES(507,50704,'Colorado');",,,,,
508,Tilarán,C,5,"INSERT INTO `BASE_DATOS`.`CANTON_CR` (codigo_provincia, codigo_canton, nombre_canton) VALUES(5,508,'Tilarán');",,,,,
50801,Tilarán,D,508,"INSERT INTO `BASE_DATOS`.`DISTRITO_CR` (codigo_canton,codigo_distrito, nombre_distrito) VALUES(508,50801,'Tilarán');",,,,,
50802,Quebrada Grande,D,508,"INSERT INTO `BASE_DATOS`.`DISTRITO_CR` (codigo_canton,codigo_distrito, nombre_distrito) VALUES(508,50802,'Quebrada Grande');",,,,,
50803,Tronadora,D,508,"INSERT INTO `BASE_DATOS`.`DISTRITO_CR` (codigo_canton,codigo_distrito, nombre_distrito) VALUES(508,50803,'Tronadora');",,,,,
50804,Santa Rosa,D,508,"INSERT INTO `BASE_DATOS`.`DISTRITO_CR` (codigo_canton,codigo_distrito, nombre_distrito) VALUES(508,50804,'Santa Rosa');",,,,,
50805,Líbano,D,508,"INSERT INTO `BASE_DATOS`.`DISTRITO_CR` (codigo_canton,codigo_distrito, nombre_distrito) VALUES(508,50805,'Líbano');",,,,,
50806,Tierras Morenas,D,508,"INSERT INTO `BASE_DATOS`.`DISTRITO_CR` (codigo_canton,codigo_distrito, nombre_distrito) VALUES(508,50806,'Tierras Morenas');",,,,,
50807,Arenal,D,508,"INSERT INTO `BASE_DATOS`.`DISTRITO_CR` (codigo_canton,codigo_distrito, nombre_distrito) VALUES(508,50807,'Arenal');",,,,,
509,Nandayure,C,5,"INSERT INTO `BASE_DATOS`.`CANTON_CR` (codigo_provincia, codigo_canton, nombre_canton) VALUES(5,509,'Nandayure');",,,,,
50901,Carmona,D,509,"INSERT INTO `BASE_DATOS`.`DISTRITO_CR` (codigo_canton,codigo_distrito, nombre_distrito) VALUES(509,50901,'Carmona');",,,,,
50902,Santa Rita,D,509,"INSERT INTO `BASE_DATOS`.`DISTRITO_CR` (codigo_canton,codigo_distrito, nombre_distrito) VALUES(509,50902,'Santa Rita');",,,,,
50903,Zapotal,D,509,"INSERT INTO `BASE_DATOS`.`DISTRITO_CR` (codigo_canton,codigo_distrito, nombre_distrito) VALUES(509,50903,'Zapotal');",,,,,
50904,San Pablo,D,509,"INSERT INTO `BASE_DATOS`.`DISTRITO_CR` (codigo_canton,codigo_distrito, nombre_distrito) VALUES(509,50904,'San Pablo');",,,,,
50905,Porvenir,D,509,"INSERT INTO `BASE_DATOS`.`DISTRITO_CR` (codigo_canton,codigo_distrito, nombre_distrito) VALUES(509,50905,'Porvenir');",,,,,
50906,Bejuco,D,509,"INSERT INTO `BASE_DATOS`.`DISTRITO_CR` (codigo_canton,codigo_distrito, nombre_distrito) VALUES(509,50906,'Bejuco');",,,,,
510,La Cruz,C,5,"INSERT INTO `BASE_DATOS`.`CANTON_CR` (codigo_provincia, codigo_canton, nombre_canton) VALUES(5,510,'La Cruz');",,,,,
51001,La Cruz,D,510,"INSERT INTO `BASE_DATOS`.`DISTRITO_CR` (codigo_canton,codigo_distrito, nombre_distrito) VALUES(510,51001,'La Cruz');",,,,,
51002,Santa Cecilia,D,510,"INSERT INTO `BASE_DATOS`.`DISTRITO_CR` (codigo_canton,codigo_distrito, nombre_distrito) VALUES(510,51002,'Santa Cecilia');",,,,,
51003,Garita,D,510,"INSERT INTO `BASE_DATOS`.`DISTRITO_CR` (codigo_canton,codigo_distrito, nombre_distrito) VALUES(510,51003,'Garita');",,,,,
51004,Santa Elena,D,510,"INSERT INTO `BASE_DATOS`.`DISTRITO_CR` (codigo_canton,codigo_distrito, nombre_distrito) VALUES(510,51004,'Santa Elena');",,,,,
511,Hojancha,C,5,"INSERT INTO `BASE_DATOS`.`CANTON_CR` (codigo_provincia, codigo_canton, nombre_canton) VALUES(5,511,'Hojancha');",,,,,
51101,Hojancha,D,511,"INSERT INTO `BASE_DATOS`.`DISTRITO_CR` (codigo_canton,codigo_distrito, nombre_distrito) VALUES(511,51101,'Hojancha');",,,,,
51102,Monte Romo,D,511,"INSERT INTO `BASE_DATOS`.`DISTRITO_CR` (codigo_canton,codigo_distrito, nombre_distrito) VALUES(511,51102,'Monte Romo');",,,,,
51103,Puerto Carrillo,D,511,"INSERT INTO `BASE_DATOS`.`DISTRITO_CR` (codigo_canton,codigo_distrito, nombre_distrito) VALUES(511,51103,'Puerto Carrillo');",,,,,
51104,Huacas,D,511,"INSERT INTO `BASE_DATOS`.`DISTRITO_CR` (codigo_canton,codigo_distrito, nombre_distrito) VALUES(511,51104,'Huacas');",,,,,
6,Puntarenas,P,0,"INSERT INTO `BASE_DATOS`.`PROVINCIA_CR` (codigo_provincia, nombre_provincia) VALUES(6,'Puntarenas');",,,,,
601,Puntarenas,C,6,"INSERT INTO `BASE_DATOS`.`CANTON_CR` (codigo_provincia, codigo_canton, nombre_canton) VALUES(6,601,'Puntarenas');",,,,,
60101,Puntarenas,D,601,"INSERT INTO `BASE_DATOS`.`DISTRITO_CR` (codigo_canton,codigo_distrito, nombre_distrito) VALUES(601,60101,'Puntarenas');",,,,,
60102,Pitahaya,D,601,"INSERT INTO `BASE_DATOS`.`DISTRITO_CR` (codigo_canton,codigo_distrito, nombre_distrito) VALUES(601,60102,'Pitahaya');",,,,,
60103,Chomes,D,601,"INSERT INTO `BASE_DATOS`.`DISTRITO_CR` (codigo_canton,codigo_distrito, nombre_distrito) VALUES(601,60103,'Chomes');",,,,,
60104,Lepanto,D,601,"INSERT INTO `BASE_DATOS`.`DISTRITO_CR` (codigo_canton,codigo_distrito, nombre_distrito) VALUES(601,60104,'Lepanto');",,,,,
60105,Paquera,D,601,"INSERT INTO `BASE_DATOS`.`DISTRITO_CR` (codigo_canton,codigo_distrito, nombre_distrito) VALUES(601,60105,'Paquera');",,,,,
60106,Manzanillo,D,601,"INSERT INTO `BASE_DATOS`.`DISTRITO_CR` (codigo_canton,codigo_distrito, nombre_distrito) VALUES(601,60106,'Manzanillo');",,,,,
60107,Guacimal,D,601,"INSERT INTO `BASE_DATOS`.`DISTRITO_CR` (codigo_canton,codigo_distrito, nombre_distrito) VALUES(601,60107,'Guacimal');",,,,,
60108,Barranca,D,601,"INSERT INTO `BASE_DATOS`.`DISTRITO_CR` (codigo_canton,codigo_distrito, nombre_distrito) VALUES(601,60108,'Barranca');",,,,,
60109,Monte Verde,D,601,"INSERT INTO `BASE_DATOS`.`DISTRITO_CR` (codigo_canton,codigo_distrito, nombre_distrito) VALUES(601,60109,'Monte Verde');",,,,,
60110,Isla del Coco,D,601,"INSERT INTO `BASE_DATOS`.`DISTRITO_CR` (codigo_canton,codigo_distrito, nombre_distrito) VALUES(601,60110,'Isla del Coco');",,,,,
60111,Cóbano,D,601,"INSERT INTO `BASE_DATOS`.`DISTRITO_CR` (codigo_canton,codigo_distrito, nombre_distrito) VALUES(601,60111,'Cóbano');",,,,,
60112,Chacarita,D,601,"INSERT INTO `BASE_DATOS`.`DISTRITO_CR` (codigo_canton,codigo_distrito, nombre_distrito) VALUES(601,60112,'Chacarita');",,,,,
60113,Chira,D,601,"INSERT INTO `BASE_DATOS`.`DISTRITO_CR` (codigo_canton,codigo_distrito, nombre_distrito) VALUES(601,60113,'Chira');",,,,,
60114,Acapulco,D,601,"INSERT INTO `BASE_DATOS`.`DISTRITO_CR` (codigo_canton,codigo_distrito, nombre_distrito) VALUES(601,60114,'Acapulco');",,,,,
60115,Roble,D,601,"INSERT INTO `BASE_DATOS`.`DISTRITO_CR` (codigo_canton,codigo_distrito, nombre_distrito) VALUES(601,60115,'Roble');",,,,,
60116,Arancibia,D,601,"INSERT INTO `BASE_DATOS`.`DISTRITO_CR` (codigo_canton,codigo_distrito, nombre_distrito) VALUES(601,60116,'Arancibia');",,,,,
602,Esparza,C,6,"INSERT INTO `BASE_DATOS`.`CANTON_CR` (codigo_provincia, codigo_canton, nombre_canton) VALUES(6,602,'Esparza');",,,,,
60201,Espíritu Santo,D,602,"INSERT INTO `BASE_DATOS`.`DISTRITO_CR` (codigo_canton,codigo_distrito, nombre_distrito) VALUES(602,60201,'Espíritu Santo');",,,,,
60202,San Juan Grande,D,602,"INSERT INTO `BASE_DATOS`.`DISTRITO_CR` (codigo_canton,codigo_distrito, nombre_distrito) VALUES(602,60202,'San Juan Grande');",,,,,
60203,Macacona,D,602,"INSERT INTO `BASE_DATOS`.`DISTRITO_CR` (codigo_canton,codigo_distrito, nombre_distrito) VALUES(602,60203,'Macacona');",,,,,
60204,San Rafael,D,602,"INSERT INTO `BASE_DATOS`.`DISTRITO_CR` (codigo_canton,codigo_distrito, nombre_distrito) VALUES(602,60204,'San Rafael');",,,,,
60205,San Jerónimo,D,602,"INSERT INTO `BASE_DATOS`.`DISTRITO_CR` (codigo_canton,codigo_distrito, nombre_distrito) VALUES(602,60205,'San Jerónimo');",,,,,
603,Buenos Aires,C,6,"INSERT INTO `BASE_DATOS`.`CANTON_CR` (codigo_provincia, codigo_canton, nombre_canton) VALUES(6,603,'Buenos Aires');",,,,,
60301,Buenos Aires,D,603,"INSERT INTO `BASE_DATOS`.`DISTRITO_CR` (codigo_canton,codigo_distrito, nombre_distrito) VALUES(603,60301,'Buenos Aires');",,,,,
60302,Volcán,D,603,"INSERT INTO `BASE_DATOS`.`DISTRITO_CR` (codigo_canton,codigo_distrito, nombre_distrito) VALUES(603,60302,'Volcán');",,,,,
60303,Potrero Grande,D,603,"INSERT INTO `BASE_DATOS`.`DISTRITO_CR` (codigo_canton,codigo_distrito, nombre_distrito) VALUES(603,60303,'Potrero Grande');",,,,,
60304,Boruca,D,603,"INSERT INTO `BASE_DATOS`.`DISTRITO_CR` (codigo_canton,codigo_distrito, nombre_distrito) VALUES(603,60304,'Boruca');",,,,,
60305,Pilas,D,603,"INSERT INTO `BASE_DATOS`.`DISTRITO_CR` (codigo_canton,codigo_distrito, nombre_distrito) VALUES(603,60305,'Pilas');",,,,,
60306,Colinas o Bajo de Maíz,D,603,"INSERT INTO `BASE_DATOS`.`DISTRITO_CR` (codigo_canton,codigo_distrito, nombre_distrito) VALUES(603,60306,'Colinas o Bajo de Maíz');",,,,,
60307,Chánguena,D,603,"INSERT INTO `BASE_DATOS`.`DISTRITO_CR` (codigo_canton,codigo_distrito, nombre_distrito) VALUES(603,60307,'Chánguena');",,,,,
60308,Bioley,D,603,"INSERT INTO `BASE_DATOS`.`DISTRITO_CR` (codigo_canton,codigo_distrito, nombre_distrito) VALUES(603,60308,'Bioley');",,,,,
60309,Brunka,D,603,"INSERT INTO `BASE_DATOS`.`DISTRITO_CR` (codigo_canton,codigo_distrito, nombre_distrito) VALUES(603,60309,'Brunka');",,,,,
604,Montes de Oro,C,6,"INSERT INTO `BASE_DATOS`.`CANTON_CR` (codigo_provincia, codigo_canton, nombre_canton) VALUES(6,604,'Montes de Oro');",,,,,
60401,Miramar,D,604,"INSERT INTO `BASE_DATOS`.`DISTRITO_CR` (codigo_canton,codigo_distrito, nombre_distrito) VALUES(604,60401,'Miramar');",,,,,
60402,Unión,D,604,"INSERT INTO `BASE_DATOS`.`DISTRITO_CR` (codigo_canton,codigo_distrito, nombre_distrito) VALUES(604,60402,'Unión');",,,,,
60403,San Isidro,D,604,"INSERT INTO `BASE_DATOS`.`DISTRITO_CR` (codigo_canton,codigo_distrito, nombre_distrito) VALUES(604,60403,'San Isidro');",,,,,
605,Osa,C,6,"INSERT INTO `BASE_DATOS`.`CANTON_CR` (codigo_provincia, codigo_canton, nombre_canton) VALUES(6,605,'Osa');",,,,,
60501,Puerto Cortés,D,605,"INSERT INTO `BASE_DATOS`.`DISTRITO_CR` (codigo_canton,codigo_distrito, nombre_distrito) VALUES(605,60501,'Puerto Cortés');",,,,,
60502,Palmar,D,605,"INSERT INTO `BASE_DATOS`.`DISTRITO_CR` (codigo_canton,codigo_distrito, nombre_distrito) VALUES(605,60502,'Palmar');",,,,,
60503,Sierpe,D,605,"INSERT INTO `BASE_DATOS`.`DISTRITO_CR` (codigo_canton,codigo_distrito, nombre_distrito) VALUES(605,60503,'Sierpe');",,,,,
60504,Bahía Ballena,D,605,"INSERT INTO `BASE_DATOS`.`DISTRITO_CR` (codigo_canton,codigo_distrito, nombre_distrito) VALUES(605,60504,'Bahía Ballena');",,,,,
60505,Piedras Blancas,D,605,"INSERT INTO `BASE_DATOS`.`DISTRITO_CR` (codigo_canton,codigo_distrito, nombre_distrito) VALUES(605,60505,'Piedras Blancas');",,,,,
606,Aguirre,C,6,"INSERT INTO `BASE_DATOS`.`CANTON_CR` (codigo_provincia, codigo_canton, nombre_canton) VALUES(6,606,'Aguirre');",,,,,
60601,Quepos,D,606,"INSERT INTO `BASE_DATOS`.`DISTRITO_CR` (codigo_canton,codigo_distrito, nombre_distrito) VALUES(606,60601,'Quepos');",,,,,
60602,Savegre,D,606,"INSERT INTO `BASE_DATOS`.`DISTRITO_CR` (codigo_canton,codigo_distrito, nombre_distrito) VALUES(606,60602,'Savegre');",,,,,
60603,Naranjito,D,606,"INSERT INTO `BASE_DATOS`.`DISTRITO_CR` (codigo_canton,codigo_distrito, nombre_distrito) VALUES(606,60603,'Naranjito');",,,,,
607,Golfito,C,6,"INSERT INTO `BASE_DATOS`.`CANTON_CR` (codigo_provincia, codigo_canton, nombre_canton) VALUES(6,607,'Golfito');",,,,,
60701,Golfito,D,607,"INSERT INTO `BASE_DATOS`.`DISTRITO_CR` (codigo_canton,codigo_distrito, nombre_distrito) VALUES(607,60701,'Golfito');",,,,,
60702,Puerto Jiménez,D,607,"INSERT INTO `BASE_DATOS`.`DISTRITO_CR` (codigo_canton,codigo_distrito, nombre_distrito) VALUES(607,60702,'Puerto Jiménez');",,,,,
60703,Guaycará,D,607,"INSERT INTO `BASE_DATOS`.`DISTRITO_CR` (codigo_canton,codigo_distrito, nombre_distrito) VALUES(607,60703,'Guaycará');",,,,,
60704,Pavon,D,607,"INSERT INTO `BASE_DATOS`.`DISTRITO_CR` (codigo_canton,codigo_distrito, nombre_distrito) VALUES(607,60704,'Pavon');",,,,,
608,Coto Brus,C,6,"INSERT INTO `BASE_DATOS`.`CANTON_CR` (codigo_provincia, codigo_canton, nombre_canton) VALUES(6,608,'Coto Brus');",,,,,
60801,San Vito,D,608,"INSERT INTO `BASE_DATOS`.`DISTRITO_CR` (codigo_canton,codigo_distrito, nombre_distrito) VALUES(608,60801,'San Vito');",,,,,
60802,Sabalito,D,608,"INSERT INTO `BASE_DATOS`.`DISTRITO_CR` (codigo_canton,codigo_distrito, nombre_distrito) VALUES(608,60802,'Sabalito');",,,,,
60803,Agua Buena,D,608,"INSERT INTO `BASE_DATOS`.`DISTRITO_CR` (codigo_canton,codigo_distrito, nombre_distrito) VALUES(608,60803,'Agua Buena');",,,,,
60804,Limoncito,D,608,"INSERT INTO `BASE_DATOS`.`DISTRITO_CR` (codigo_canton,codigo_distrito, nombre_distrito) VALUES(608,60804,'Limoncito');",,,,,
60805,Pittier,D,608,"INSERT INTO `BASE_DATOS`.`DISTRITO_CR` (codigo_canton,codigo_distrito, nombre_distrito) VALUES(608,60805,'Pittier');",,,,,
609,Parrita,C,6,"INSERT INTO `BASE_DATOS`.`CANTON_CR` (codigo_provincia, codigo_canton, nombre_canton) VALUES(6,609,'Parrita');",,,,,
60901,Parrita,D,609,"INSERT INTO `BASE_DATOS`.`DISTRITO_CR` (codigo_canton,codigo_distrito, nombre_distrito) VALUES(609,60901,'Parrita');",,,,,
610,Corredores,C,6,"INSERT INTO `BASE_DATOS`.`CANTON_CR` (codigo_provincia, codigo_canton, nombre_canton) VALUES(6,610,'Corredores');",,,,,
61001,Corredor,D,610,"INSERT INTO `BASE_DATOS`.`DISTRITO_CR` (codigo_canton,codigo_distrito, nombre_distrito) VALUES(610,61001,'Corredor');",,,,,
61002,La Cuesta,D,610,"INSERT INTO `BASE_DATOS`.`DISTRITO_CR` (codigo_canton,codigo_distrito, nombre_distrito) VALUES(610,61002,'La Cuesta');",,,,,
61003,Paso Canoas,D,610,"INSERT INTO `BASE_DATOS`.`DISTRITO_CR` (codigo_canton,codigo_distrito, nombre_distrito) VALUES(610,61003,'Paso Canoas');",,,,,
61004,Laurel,D,610,"INSERT INTO `BASE_DATOS`.`DISTRITO_CR` (codigo_canton,codigo_distrito, nombre_distrito) VALUES(610,61004,'Laurel');",,,,,
611,Garabito,C,6,"INSERT INTO `BASE_DATOS`.`CANTON_CR` (codigo_provincia, codigo_canton, nombre_canton) VALUES(6,611,'Garabito');",,,,,
61101,Jacó,D,611,"INSERT INTO `BASE_DATOS`.`DISTRITO_CR` (codigo_canton,codigo_distrito, nombre_distrito) VALUES(611,61101,'Jacó');",,,,,
61102,Tárcoles,D,611,"INSERT INTO `BASE_DATOS`.`DISTRITO_CR` (codigo_canton,codigo_distrito, nombre_distrito) VALUES(611,61102,'Tárcoles');",,,,,
7,Limón,P,0,"INSERT INTO `BASE_DATOS`.`PROVINCIA_CR` (codigo_provincia, nombre_provincia) VALUES(7,'Limón');",,,,,
701,Limón,C,7,"INSERT INTO `BASE_DATOS`.`CANTON_CR` (codigo_provincia, codigo_canton, nombre_canton) VALUES(7,701,'Limón');",,,,,
70101,Limón,D,701,"INSERT INTO `BASE_DATOS`.`DISTRITO_CR` (codigo_canton,codigo_distrito, nombre_distrito) VALUES(701,70101,'Limón');",,,,,
70102,Valle La Estrella,D,701,"INSERT INTO `BASE_DATOS`.`DISTRITO_CR` (codigo_canton,codigo_distrito, nombre_distrito) VALUES(701,70102,'Valle La Estrella');",,,,,
70103,Río Blanco,D,701,"INSERT INTO `BASE_DATOS`.`DISTRITO_CR` (codigo_canton,codigo_distrito, nombre_distrito) VALUES(701,70103,'Río Blanco');",,,,,
70104,Matama,D,701,"INSERT INTO `BASE_DATOS`.`DISTRITO_CR` (codigo_canton,codigo_distrito, nombre_distrito) VALUES(701,70104,'Matama');",,,,,
702,Pococí,C,7,"INSERT INTO `BASE_DATOS`.`CANTON_CR` (codigo_provincia, codigo_canton, nombre_canton) VALUES(7,702,'Pococí');",,,,,
70201,Guápiles,D,702,"INSERT INTO `BASE_DATOS`.`DISTRITO_CR` (codigo_canton,codigo_distrito, nombre_distrito) VALUES(702,70201,'Guápiles');",,,,,
70202,Jiménez,D,702,"INSERT INTO `BASE_DATOS`.`DISTRITO_CR` (codigo_canton,codigo_distrito, nombre_distrito) VALUES(702,70202,'Jiménez');",,,,,
70203,Rita,D,702,"INSERT INTO `BASE_DATOS`.`DISTRITO_CR` (codigo_canton,codigo_distrito, nombre_distrito) VALUES(702,70203,'Rita');",,,,,
70204,Roxana,D,702,"INSERT INTO `BASE_DATOS`.`DISTRITO_CR` (codigo_canton,codigo_distrito, nombre_distrito) VALUES(702,70204,'Roxana');",,,,,
70205,Cariari,D,702,"INSERT INTO `BASE_DATOS`.`DISTRITO_CR` (codigo_canton,codigo_distrito, nombre_distrito) VALUES(702,70205,'Cariari');",,,,,
70206,Colorado,D,702,"INSERT INTO `BASE_DATOS`.`DISTRITO_CR` (codigo_canton,codigo_distrito, nombre_distrito) VALUES(702,70206,'Colorado');",,,,,
703,Siquirres ,C,7,"INSERT INTO `BASE_DATOS`.`CANTON_CR` (codigo_provincia, codigo_canton, nombre_canton) VALUES(7,703,'Siquirres ');",,,,,
70301,Siquirres,D,703,"INSERT INTO `BASE_DATOS`.`DISTRITO_CR` (codigo_canton,codigo_distrito, nombre_distrito) VALUES(703,70301,'Siquirres');",,,,,
70302,Pacuarito,D,703,"INSERT INTO `BASE_DATOS`.`DISTRITO_CR` (codigo_canton,codigo_distrito, nombre_distrito) VALUES(703,70302,'Pacuarito');",,,,,
70303,Florida,D,703,"INSERT INTO `BASE_DATOS`.`DISTRITO_CR` (codigo_canton,codigo_distrito, nombre_distrito) VALUES(703,70303,'Florida');",,,,,
70304,Germania,D,703,"INSERT INTO `BASE_DATOS`.`DISTRITO_CR` (codigo_canton,codigo_distrito, nombre_distrito) VALUES(703,70304,'Germania');",,,,,
70305,Cairo,D,703,"INSERT INTO `BASE_DATOS`.`DISTRITO_CR` (codigo_canton,codigo_distrito, nombre_distrito) VALUES(703,70305,'Cairo');",,,,,
70306,Alegría,D,703,"INSERT INTO `BASE_DATOS`.`DISTRITO_CR` (codigo_canton,codigo_distrito, nombre_distrito) VALUES(703,70306,'Alegría');",,,,,
704,Talamanca,C,7,"INSERT INTO `BASE_DATOS`.`CANTON_CR` (codigo_provincia, codigo_canton, nombre_canton) VALUES(7,704,'Talamanca');",,,,,
70401,Bratsi,D,704,"INSERT INTO `BASE_DATOS`.`DISTRITO_CR` (codigo_canton,codigo_distrito, nombre_distrito) VALUES(704,70401,'Bratsi');",,,,,
70402,Sixaola,D,704,"INSERT INTO `BASE_DATOS`.`DISTRITO_CR` (codigo_canton,codigo_distrito, nombre_distrito) VALUES(704,70402,'Sixaola');",,,,,
70403,Cahuita,D,704,"INSERT INTO `BASE_DATOS`.`DISTRITO_CR` (codigo_canton,codigo_distrito, nombre_distrito) VALUES(704,70403,'Cahuita');",,,,,
70404,Telire,D,704,"INSERT INTO `BASE_DATOS`.`DISTRITO_CR` (codigo_canton,codigo_distrito, nombre_distrito) VALUES(704,70404,'Telire');",,,,,
705,Matina,C,7,"INSERT INTO `BASE_DATOS`.`CANTON_CR` (codigo_provincia, codigo_canton, nombre_canton) VALUES(7,705,'Matina');",,,,,
70501,Matina,D,705,"INSERT INTO `BASE_DATOS`.`DISTRITO_CR` (codigo_canton,codigo_distrito, nombre_distrito) VALUES(705,70501,'Matina');",,,,,
70502,Batán,D,705,"INSERT INTO `BASE_DATOS`.`DISTRITO_CR` (codigo_canton,codigo_distrito, nombre_distrito) VALUES(705,70502,'Batán');",,,,,
70503,Carrandí,D,705,"INSERT INTO `BASE_DATOS`.`DISTRITO_CR` (codigo_canton,codigo_distrito, nombre_distrito) VALUES(705,70503,'Carrandí');",,,,,
706,Guácimo,C,7,"INSERT INTO `BASE_DATOS`.`CANTON_CR` (codigo_provincia, codigo_canton, nombre_canton) VALUES(7,706,'Guácimo');",,,,,
70601,Guácimo,D,706,"INSERT INTO `BASE_DATOS`.`DISTRITO_CR` (codigo_canton,codigo_distrito, nombre_distrito) VALUES(706,70601,'Guácimo');",,,,,
70602,Mercedes,D,706,"INSERT INTO `BASE_DATOS`.`DISTRITO_CR` (codigo_canton,codigo_distrito, nombre_distrito) VALUES(706,70602,'Mercedes');",,,,,
70603,Pocora,D,706,"INSERT INTO `BASE_DATOS`.`DISTRITO_CR` (codigo_canton,codigo_distrito, nombre_distrito) VALUES(706,70603,'Pocora');",,,,,
70604,Río Jiménez,D,706,"INSERT INTO `BASE_DATOS`.`DISTRITO_CR` (codigo_canton,codigo_distrito, nombre_distrito) VALUES(706,70604,'Río Jiménez');",,,,,
70605,Duacarí,D,706,"INSERT INTO `BASE_DATOS`.`DISTRITO_CR` (codigo_canton,codigo_distrito, nombre_distrito) VALUES(706,70605,'Duacarí');",,,,,
,    ,,,,,,,,
,    ,,,,,,,,